ISO-10303-21;
HEADER;
FILE_DESCRIPTION (( 'STEP AP214' ),
    '1' );
FILE_NAME ('FL2400022.STEP',
    '2024-12-10T09:06:46',
    ( '' ),
    ( '' ),
    'SwSTEP 2.0',
    'SolidWorks 2020',
    '' );
FILE_SCHEMA (( 'AUTOMOTIVE_DESIGN' ));
ENDSEC;

DATA;
#1 = SURFACE_STYLE_USAGE ( .BOTH. , #2780 ) ;
#2 = AXIS2_PLACEMENT_3D ( 'NONE', #1117, #2012, #2928 ) ;
#3 = CARTESIAN_POINT ( 'NONE',  ( 0.5999999999999999778, 0.5800000000000000711, -0.3499999999999999778 ) ) ;
#4 = ADVANCED_FACE ( 'NONE', ( #130 ), #2484, .F. ) ;
#5 = LINE ( 'NONE', #922, #2076 ) ;
#6 = VECTOR ( 'NONE', #240, 1000.000000000000000 ) ;
#7 = CARTESIAN_POINT ( 'NONE',  ( 1.270000000000000240, 0.2600000000000000644, 1.249999999999999556 ) ) ;
#8 = CARTESIAN_POINT ( 'NONE',  ( 1.589761634198785245, 0.2600000000000000644, 1.239761634198784490 ) ) ;
#9 = SURFACE_STYLE_USAGE ( .BOTH. , #1412 ) ;
#10 = EDGE_CURVE ( 'NONE', #2165, #207, #2260, .T. ) ;
#11 = PRESENTATION_STYLE_ASSIGNMENT (( #1145 ) ) ;
#12 = ORIENTED_EDGE ( 'NONE', *, *, #1172, .T. ) ;
#13 = ADVANCED_FACE ( 'NONE', ( #1990 ), #639, .F. ) ;
#14 = FILL_AREA_STYLE_COLOUR ( '', #1376 ) ;
#15 = VERTEX_POINT ( 'NONE', #852 ) ;
#16 = STYLED_ITEM ( 'NONE', ( #60 ), #2190 ) ;
#17 = LINE ( 'NONE', #2262, #164 ) ;
#18 = COLOUR_RGB ( '',0.9686274509803921573, 0.8784313725490195957, 0.5999999999999999778 ) ;
#19 = FILL_AREA_STYLE_COLOUR ( '', #801 ) ;
#20 = CARTESIAN_POINT ( 'NONE',  ( 1.599999999999999867, 0.5800000000000000711, 1.019999999999999574 ) ) ;
#21 = VECTOR ( 'NONE', #1645, 1000.000000000000000 ) ;
#22 = EDGE_CURVE ( 'NONE', #1601, #859, #1270, .T. ) ;
#23 =( GEOMETRIC_REPRESENTATION_CONTEXT ( 3 ) GLOBAL_UNCERTAINTY_ASSIGNED_CONTEXT ( ( #1362 ) ) GLOBAL_UNIT_ASSIGNED_CONTEXT ( ( #1432, #1011, #273 ) ) REPRESENTATION_CONTEXT ( 'NONE', 'WORKASPACE' ) );
#24 = CIRCLE ( 'NONE', #1614, 0.3199255020153238260 ) ;
#25 = CARTESIAN_POINT ( 'NONE',  ( 1.250000000000000000, -0.05000000000000000278, 1.000000000000000000 ) ) ;
#26 = DIRECTION ( 'NONE',  ( 0.000000000000000000, 0.000000000000000000, 1.000000000000000000 ) ) ;
#27 =( LENGTH_UNIT ( ) NAMED_UNIT ( * ) SI_UNIT ( .MILLI., .METRE. ) );
#28 = UNCERTAINTY_MEASURE_WITH_UNIT (LENGTH_MEASURE( 1.000000000000000082E-05 ), #268, 'distance_accuracy_value', 'NONE');
#29 = STYLED_ITEM ( 'NONE', ( #1851 ), #51 ) ;
#30 = DIRECTION ( 'NONE',  ( 0.000000000000000000, 0.000000000000000000, 1.000000000000000000 ) ) ;
#31 = ORIENTED_EDGE ( 'NONE', *, *, #2747, .F. ) ;
#32 = PRESENTATION_STYLE_ASSIGNMENT (( #2289 ) ) ;
#33 = ORIENTED_EDGE ( 'NONE', *, *, #2741, .T. ) ;
#34 = SURFACE_SIDE_STYLE ('',( #493 ) ) ;
#35 = SURFACE_SIDE_STYLE ('',( #529 ) ) ;
#36 = CARTESIAN_POINT ( 'NONE',  ( 1.250000000000000000, -0.05000000000000000278, -0.9499999999999999556 ) ) ;
#37 = CARTESIAN_POINT ( 'NONE',  ( 1.300000000000000044, 0.000000000000000000, -1.050000000000000044 ) ) ;
#38 =( LENGTH_UNIT ( ) NAMED_UNIT ( * ) SI_UNIT ( .MILLI., .METRE. ) );
#39 = LINE ( 'NONE', #7, #6 ) ;
#40 = LINE ( 'NONE', #69, #1902 ) ;
#41 = CARTESIAN_POINT ( 'NONE',  ( 0.000000000000000000, 0.000000000000000000, 1.250000000000000000 ) ) ;
#42 = VERTEX_POINT ( 'NONE', #2648 ) ;
#43 = DIRECTION ( 'NONE',  ( 0.000000000000000000, 0.000000000000000000, -1.000000000000000000 ) ) ;
#44 =( NAMED_UNIT ( * ) PLANE_ANGLE_UNIT ( ) SI_UNIT ( $, .RADIAN. ) );
#45 = CARTESIAN_POINT ( 'NONE',  ( 0.9500000000000000666, -0.1000000000000000056, 0.6999999999999999556 ) ) ;
#46 = VECTOR ( 'NONE', #1967, 1000.000000000000000 ) ;
#47 = LINE ( 'NONE', #2975, #1686 ) ;
#48 = ORIENTED_EDGE ( 'NONE', *, *, #2068, .F. ) ;
#49 = PRESENTATION_STYLE_ASSIGNMENT (( #1408 ) ) ;
#50 = MECHANICAL_DESIGN_GEOMETRIC_PRESENTATION_REPRESENTATION (  '', ( #1017 ), #2372 ) ;
#51 = ADVANCED_FACE ( 'NONE', ( #1331 ), #2691, .T. ) ;
#52 = AXIS2_PLACEMENT_3D ( 'NONE', #2184, #1048, #2847 ) ;
#53 =( GEOMETRIC_REPRESENTATION_CONTEXT ( 3 ) GLOBAL_UNCERTAINTY_ASSIGNED_CONTEXT ( ( #2452 ) ) GLOBAL_UNIT_ASSIGNED_CONTEXT ( ( #1899, #498, #1880 ) ) REPRESENTATION_CONTEXT ( 'NONE', 'WORKASPACE' ) );
#54 = VECTOR ( 'NONE', #2799, 1000.000000000000000 ) ;
#55 = CARTESIAN_POINT ( 'NONE',  ( 1.350000000000000089, 0.2600000000000000644, -1.250000000000000000 ) ) ;
#56 = ORIENTED_EDGE ( 'NONE', *, *, #1780, .F. ) ;
#57 = AXIS2_PLACEMENT_3D ( 'NONE', #201, #2315, #2772 ) ;
#58 = LINE ( 'NONE', #2636, #2563 ) ;
#59 = ORIENTED_EDGE ( 'NONE', *, *, #2512, .F. ) ;
#60 = PRESENTATION_STYLE_ASSIGNMENT (( #1219 ) ) ;
#61 = CARTESIAN_POINT ( 'NONE',  ( 1.589761634198785023, 0.2600000000000000644, -1.239761634198784934 ) ) ;
#62 = ORIENTED_EDGE ( 'NONE', *, *, #2279, .F. ) ;
#63 = FILL_AREA_STYLE ('',( #983 ) ) ;
#64 =( NAMED_UNIT ( * ) PLANE_ANGLE_UNIT ( ) SI_UNIT ( $, .RADIAN. ) );
#65 = ADVANCED_FACE ( 'NONE', ( #2521 ), #699, .T. ) ;
#66 = EDGE_LOOP ( 'NONE', ( #267, #2050, #817, #2578 ) ) ;
#67 = CARTESIAN_POINT ( 'NONE',  ( 0.000000000000000000, 0.5600000000000000533, -0.3499999999999999778 ) ) ;
#68 = STYLED_ITEM ( 'NONE', ( #1068 ), #1863 ) ;
#69 = CARTESIAN_POINT ( 'NONE',  ( 1.599999999999999867, 0.2600000000000000644, 1.019999999999999574 ) ) ;
#70 = VECTOR ( 'NONE', #1030, 1000.000000000000000 ) ;
#71 = ORIENTED_EDGE ( 'NONE', *, *, #141, .T. ) ;
#72 = CARTESIAN_POINT ( 'NONE',  ( -0.6000000000000004219, 0.2600000000000000644, -1.149999999999999689 ) ) ;
#73 = ORIENTED_EDGE ( 'NONE', *, *, #796, .T. ) ;
#74 = FACE_BOUND ( 'NONE', #2246, .T. ) ;
#75 = CARTESIAN_POINT ( 'NONE',  ( 1.599999999999999867, 0.5800000000000000711, 1.019999999999999574 ) ) ;
#76 = VERTEX_POINT ( 'NONE', #2536 ) ;
#77 = CARTESIAN_POINT ( 'NONE',  ( -1.300000000000000044, 0.000000000000000000, 0.000000000000000000 ) ) ;
#78 =( GEOMETRIC_REPRESENTATION_CONTEXT ( 3 ) GLOBAL_UNCERTAINTY_ASSIGNED_CONTEXT ( ( #142 ) ) GLOBAL_UNIT_ASSIGNED_CONTEXT ( ( #294, #724, #2831 ) ) REPRESENTATION_CONTEXT ( 'NONE', 'WORKASPACE' ) );
#79 = CARTESIAN_POINT ( 'NONE',  ( 1.599999999999999867, 0.2600000000000000644, -0.9200000000000000400 ) ) ;
#80 = CARTESIAN_POINT ( 'NONE',  ( -1.500000000000000000, 0.5800000000000000711, -0.3499999999999996447 ) ) ;
#81 = EDGE_CURVE ( 'NONE', #391, #1766, #1178, .T. ) ;
#82 = VERTEX_POINT ( 'NONE', #2311 ) ;
#83 = DIRECTION ( 'NONE',  ( 0.000000000000000000, 0.000000000000000000, 1.000000000000000000 ) ) ;
#84 = ORIENTED_EDGE ( 'NONE', *, *, #1102, .T. ) ;
#85 = LINE ( 'NONE', #2859, #1225 ) ;
#86 =( NAMED_UNIT ( * ) PLANE_ANGLE_UNIT ( ) SI_UNIT ( $, .RADIAN. ) );
#87 = ORIENTED_EDGE ( 'NONE', *, *, #1499, .F. ) ;
#88 = FACE_OUTER_BOUND ( 'NONE', #2869, .T. ) ;
#89 = VECTOR ( 'NONE', #1414, 1000.000000000000000 ) ;
#90 = AXIS2_PLACEMENT_3D ( 'NONE', #2244, #1036, #594 ) ;
#91 = MECHANICAL_DESIGN_GEOMETRIC_PRESENTATION_REPRESENTATION (  '', ( #2752 ), #327 ) ;
#92 = PLANE ( 'NONE',  #657 ) ;
#93 = ADVANCED_FACE ( 'NONE', ( #1619 ), #453, .T. ) ;
#94 = DIRECTION ( 'NONE',  ( 0.000000000000000000, 0.000000000000000000, -1.000000000000000000 ) ) ;
#95 = ORIENTED_EDGE ( 'NONE', *, *, #679, .F. ) ;
#96 = DIRECTION ( 'NONE',  ( 1.000000000000000000, 0.000000000000000000, -0.000000000000000000 ) ) ;
#97 = DIRECTION ( 'NONE',  ( -0.000000000000000000, -1.000000000000000000, -0.000000000000000000 ) ) ;
#98 = EDGE_CURVE ( 'NONE', #2840, #769, #2189, .T. ) ;
#99 = VECTOR ( 'NONE', #616, 1000.000000000000000 ) ;
#100 = ORIENTED_EDGE ( 'NONE', *, *, #1259, .T. ) ;
#101 = VERTEX_POINT ( 'NONE', #1665 ) ;
#102 = CARTESIAN_POINT ( 'NONE',  ( 1.589761634198785023, 0.2600000000000000644, -1.019761634198784961 ) ) ;
#103 = AXIS2_PLACEMENT_3D ( 'NONE', #2785, #2057, #253 ) ;
#104 = UNCERTAINTY_MEASURE_WITH_UNIT (LENGTH_MEASURE( 1.000000000000000082E-05 ), #783, 'distance_accuracy_value', 'NONE');
#105 = EDGE_CURVE ( 'NONE', #2518, #2013, #1691, .T. ) ;
#106 = ORIENTED_EDGE ( 'NONE', *, *, #2733, .F. ) ;
#107 = UNCERTAINTY_MEASURE_WITH_UNIT (LENGTH_MEASURE( 1.000000000000000082E-05 ), #1875, 'distance_accuracy_value', 'NONE');
#108 = DIRECTION ( 'NONE',  ( -1.000000000000000000, 0.000000000000000000, 2.168404344971008079E-15 ) ) ;
#109 = VERTEX_POINT ( 'NONE', #2136 ) ;
#110 =( NAMED_UNIT ( * ) SI_UNIT ( $, .STERADIAN. ) SOLID_ANGLE_UNIT ( ) );
#111 = FILL_AREA_STYLE ('',( #567 ) ) ;
#112 =( BOUNDED_CURVE ( )  B_SPLINE_CURVE ( 3, ( #25, #941, #2056, #670 ),
 .UNSPECIFIED., .F., .T. ) 
 B_SPLINE_CURVE_WITH_KNOTS ( ( 4, 4 ),
 ( 3.141592653589793116, 4.712388980384689674 ),
 .UNSPECIFIED. ) 
 CURVE ( )  GEOMETRIC_REPRESENTATION_ITEM ( )  RATIONAL_B_SPLINE_CURVE ( ( 1.000000000000000000, 0.8047378541243649375, 0.8047378541243649375, 1.000000000000000000 ) ) 
 REPRESENTATION_ITEM ( '' )  );
#113 = PRESENTATION_LAYER_ASSIGNMENT (  '', '', ( #2094 ) ) ;
#114 = EDGE_CURVE ( 'NONE', #1231, #853, #542, .T. ) ;
#115 =( GEOMETRIC_REPRESENTATION_CONTEXT ( 3 ) GLOBAL_UNCERTAINTY_ASSIGNED_CONTEXT ( ( #1113 ) ) GLOBAL_UNIT_ASSIGNED_CONTEXT ( ( #2734, #900, #2040 ) ) REPRESENTATION_CONTEXT ( 'NONE', 'WORKASPACE' ) );
#116 = EDGE_LOOP ( 'NONE', ( #2740, #193, #2378, #1311, #2266, #2062, #839, #323, #2588, #261, #2692 ) ) ;
#117 = CARTESIAN_POINT ( 'NONE',  ( -1.282686438414884833, 0.2600000000000000644, 1.149999999999999689 ) ) ;
#118 = CARTESIAN_POINT ( 'NONE',  ( -1.282686438414884833, 0.2600000000000000644, 1.149999999999999689 ) ) ;
#119 = PRODUCT_CONTEXT ( 'NONE', #1278, 'mechanical' ) ;
#120 = LINE ( 'NONE', #2660, #2644 ) ;
#121 = STYLED_ITEM ( 'NONE', ( #2689 ), #2850 ) ;
#122 = VECTOR ( 'NONE', #1424, 1000.000000000000000 ) ;
#123 = STYLED_ITEM ( 'NONE', ( #1769 ), #192 ) ;
#124 = MECHANICAL_DESIGN_GEOMETRIC_PRESENTATION_REPRESENTATION (  '', ( #355 ), #2810 ) ;
#125 = ORIENTED_EDGE ( 'NONE', *, *, #22, .F. ) ;
#126 = PRESENTATION_LAYER_ASSIGNMENT (  '', '', ( #16 ) ) ;
#127 = ORIENTED_EDGE ( 'NONE', *, *, #1648, .F. ) ;
#128 = AXIS2_PLACEMENT_3D ( 'NONE', #908, #1578, #1383 ) ;
#129 = CARTESIAN_POINT ( 'NONE',  ( -1.350000000000000311, 0.000000000000000000, 1.250000000000000000 ) ) ;
#130 = FACE_OUTER_BOUND ( 'NONE', #995, .T. ) ;
#131 = DIRECTION ( 'NONE',  ( 0.000000000000000000, 1.000000000000000000, 0.000000000000000000 ) ) ;
#132 = VERTEX_POINT ( 'NONE', #1939 ) ;
#133 = DIRECTION ( 'NONE',  ( -1.000000000000000000, 0.000000000000000000, -0.000000000000000000 ) ) ;
#134 = SURFACE_SIDE_STYLE ('',( #2511 ) ) ;
#135 = CARTESIAN_POINT ( 'NONE',  ( -1.589761634198785467, 0.2600000000000000644, -1.019761634198784295 ) ) ;
#136 = PLANE ( 'NONE',  #2319 ) ;
#137 = FACE_OUTER_BOUND ( 'NONE', #1235, .T. ) ;
#138 = ORIENTED_EDGE ( 'NONE', *, *, #1398, .F. ) ;
#139 = ADVANCED_FACE ( 'NONE', ( #1677 ), #2106, .T. ) ;
#140 = CYLINDRICAL_SURFACE ( 'NONE', #2719, 0.2199999999999999178 ) ;
#141 = EDGE_CURVE ( 'NONE', #2129, #2568, #1071, .T. ) ;
#142 = UNCERTAINTY_MEASURE_WITH_UNIT (LENGTH_MEASURE( 1.000000000000000082E-05 ), #294, 'distance_accuracy_value', 'NONE');
#143 = PRESENTATION_LAYER_ASSIGNMENT (  '', '', ( #1107 ) ) ;
#144 = ADVANCED_FACE ( 'NONE', ( #898 ), #2771, .F. ) ;
#145 = FACE_OUTER_BOUND ( 'NONE', #2170, .T. ) ;
#146 = CARTESIAN_POINT ( 'NONE',  ( -1.599999999999999423, 0.2600000000000000644, 1.020000000000000018 ) ) ;
#147 = FILL_AREA_STYLE ('',( #1564 ) ) ;
#148 = VECTOR ( 'NONE', #883, 1000.000000000000000 ) ;
#149 = DIRECTION ( 'NONE',  ( 0.000000000000000000, 1.000000000000000000, -0.000000000000000000 ) ) ;
#150 = DIRECTION ( 'NONE',  ( -1.000000000000000000, -0.000000000000000000, -0.000000000000000000 ) ) ;
#151 = DIRECTION ( 'NONE',  ( -0.000000000000000000, -1.000000000000000000, -0.000000000000000000 ) ) ;
#152 = SURFACE_SIDE_STYLE ('',( #2892 ) ) ;
#153 = STYLED_ITEM ( 'NONE', ( #1461 ), #1446 ) ;
#154 = ORIENTED_EDGE ( 'NONE', *, *, #2963, .F. ) ;
#155 = SURFACE_SIDE_STYLE ('',( #1119 ) ) ;
#156 = DIRECTION ( 'NONE',  ( 3.614007241618349264E-16, 0.000000000000000000, 1.000000000000000000 ) ) ;
#157 = LINE ( 'NONE', #2016, #1350 ) ;
#158 = VERTEX_POINT ( 'NONE', #1236 ) ;
#159 = SURFACE_STYLE_FILL_AREA ( #111 ) ;
#160 = ADVANCED_FACE ( 'NONE', ( #1456 ), #92, .T. ) ;
#161 = SURFACE_STYLE_FILL_AREA ( #615 ) ;
#162 = CYLINDRICAL_SURFACE ( 'NONE', #2, 0.04999999999999991257 ) ;
#163 = ORIENTED_EDGE ( 'NONE', *, *, #451, .F. ) ;
#164 = VECTOR ( 'NONE', #1790, 1000.000000000000000 ) ;
#165 = CARTESIAN_POINT ( 'NONE',  ( 1.589761634198785245, 0.2600000000000000644, 1.239761634198784490 ) ) ;
#166 = UNCERTAINTY_MEASURE_WITH_UNIT (LENGTH_MEASURE( 1.000000000000000082E-05 ), #1606, 'distance_accuracy_value', 'NONE');
#167 = CARTESIAN_POINT ( 'NONE',  ( 1.500000000000000000, 0.5800000000000000711, -0.9326864384148849663 ) ) ;
#168 =( LENGTH_UNIT ( ) NAMED_UNIT ( * ) SI_UNIT ( .MILLI., .METRE. ) );
#169 = ORIENTED_EDGE ( 'NONE', *, *, #1708, .F. ) ;
#170 = FILL_AREA_STYLE_COLOUR ( '', #1373 ) ;
#171 = DIRECTION ( 'NONE',  ( 0.000000000000000000, 0.000000000000000000, 1.000000000000000000 ) ) ;
#172 = PRESENTATION_LAYER_ASSIGNMENT (  '', '', ( #29 ) ) ;
#173 =( LENGTH_UNIT ( ) NAMED_UNIT ( * ) SI_UNIT ( .MILLI., .METRE. ) );
#174 = DIRECTION ( 'NONE',  ( 0.000000000000000000, 0.000000000000000000, 1.000000000000000000 ) ) ;
#175 = SURFACE_STYLE_USAGE ( .BOTH. , #2890 ) ;
#176 = EDGE_CURVE ( 'NONE', #2840, #2509, #593, .T. ) ;
#177 = PRESENTATION_STYLE_ASSIGNMENT (( #632 ) ) ;
#178 = ORIENTED_EDGE ( 'NONE', *, *, #2747, .T. ) ;
#179 = SURFACE_STYLE_FILL_AREA ( #1555 ) ;
#180 = EDGE_CURVE ( 'NONE', #318, #2073, #2001, .T. ) ;
#181 = PRESENTATION_STYLE_ASSIGNMENT (( #406 ) ) ;
#182 = DIRECTION ( 'NONE',  ( 0.000000000000000000, 1.000000000000000000, 0.000000000000000000 ) ) ;
#183 = ORIENTED_EDGE ( 'NONE', *, *, #1102, .F. ) ;
#184 =( GEOMETRIC_REPRESENTATION_CONTEXT ( 3 ) GLOBAL_UNCERTAINTY_ASSIGNED_CONTEXT ( ( #620 ) ) GLOBAL_UNIT_ASSIGNED_CONTEXT ( ( #2906, #2592, #1913 ) ) REPRESENTATION_CONTEXT ( 'NONE', 'WORKASPACE' ) );
#185 = FILL_AREA_STYLE ('',( #2007 ) ) ;
#186 = PLANE ( 'NONE',  #1415 ) ;
#187 = VECTOR ( 'NONE', #1196, 1000.000000000000000 ) ;
#188 = VECTOR ( 'NONE', #375, 1000.000000000000000 ) ;
#189 = SURFACE_SIDE_STYLE ('',( #2463 ) ) ;
#190 = ORIENTED_EDGE ( 'NONE', *, *, #2091, .F. ) ;
#191 = COLOUR_RGB ( '',0.9686274509803921573, 0.8784313725490195957, 0.5999999999999999778 ) ;
#192 = ADVANCED_FACE ( 'NONE', ( #638 ), #2034, .T. ) ;
#193 = ORIENTED_EDGE ( 'NONE', *, *, #2386, .T. ) ;
#194 = COLOUR_RGB ( '',0.9686274509803921573, 0.8784313725490195957, 0.5999999999999999778 ) ;
#195 = CYLINDRICAL_SURFACE ( 'NONE', #1106, 0.3199255020153238260 ) ;
#196 = LINE ( 'NONE', #2035, #2656 ) ;
#197 = ORIENTED_EDGE ( 'NONE', *, *, #588, .F. ) ;
#198 = CARTESIAN_POINT ( 'NONE',  ( 0.6000000000000003109, 0.5800000000000000711, 1.149999999999999467 ) ) ;
#199 = DIRECTION ( 'NONE',  ( -1.000000000000000000, 0.000000000000000000, 2.323290369611795497E-16 ) ) ;
#200 = SURFACE_STYLE_FILL_AREA ( #658 ) ;
#201 = CARTESIAN_POINT ( 'NONE',  ( 1.589761634198785245, 0.5800000000000000711, 1.239761634198784490 ) ) ;
#202 = CARTESIAN_POINT ( 'NONE',  ( 1.370000000000000107, 0.5800000000000000711, -1.250000000000000222 ) ) ;
#203 =( NAMED_UNIT ( * ) PLANE_ANGLE_UNIT ( ) SI_UNIT ( $, .RADIAN. ) );
#204 = ORIENTED_EDGE ( 'NONE', *, *, #1111, .F. ) ;
#205 =( GEOMETRIC_REPRESENTATION_CONTEXT ( 3 ) GLOBAL_UNCERTAINTY_ASSIGNED_CONTEXT ( ( #1292 ) ) GLOBAL_UNIT_ASSIGNED_CONTEXT ( ( #27, #1187, #1682 ) ) REPRESENTATION_CONTEXT ( 'NONE', 'WORKASPACE' ) );
#206 = VECTOR ( 'NONE', #1663, 1000.000000000000000 ) ;
#207 = VERTEX_POINT ( 'NONE', #1576 ) ;
#208 = FACE_OUTER_BOUND ( 'NONE', #584, .T. ) ;
#209 = CARTESIAN_POINT ( 'NONE',  ( -1.500000000000000000, 0.2600000000000000644, -0.3499999999999996447 ) ) ;
#210 = AXIS2_PLACEMENT_3D ( 'NONE', #678, #2971, #1602 ) ;
#211 = UNCERTAINTY_MEASURE_WITH_UNIT (LENGTH_MEASURE( 1.000000000000000082E-05 ), #1404, 'distance_accuracy_value', 'NONE');
#212 = AXIS2_PLACEMENT_3D ( 'NONE', #422, #939, #1867 ) ;
#213 =( NAMED_UNIT ( * ) PLANE_ANGLE_UNIT ( ) SI_UNIT ( $, .RADIAN. ) );
#214 = VERTEX_POINT ( 'NONE', #1078 ) ;
#215 = DIRECTION ( 'NONE',  ( -1.000000000000000000, 0.000000000000000000, 2.323290369611795497E-16 ) ) ;
#216 = DIRECTION ( 'NONE',  ( 1.000000000000000000, -0.000000000000000000, 0.000000000000000000 ) ) ;
#217 = LINE ( 'NONE', #2807, #2281 ) ;
#218 = CARTESIAN_POINT ( 'NONE',  ( -1.350000000000000311, 0.2600000000000000644, 1.250000000000000000 ) ) ;
#219 = ORIENTED_EDGE ( 'NONE', *, *, #1780, .T. ) ;
#220 = CARTESIAN_POINT ( 'NONE',  ( -1.250000000000000000, -0.05000000000000000278, 1.000000000000000000 ) ) ;
#221 = CARTESIAN_POINT ( 'NONE',  ( -1.589761634198785467, 0.5600000000000000533, -1.239761634198784490 ) ) ;
#222 = ORIENTED_EDGE ( 'NONE', *, *, #280, .F. ) ;
#223 = EDGE_CURVE ( 'NONE', #981, #350, #1394, .T. ) ;
#224 = CARTESIAN_POINT ( 'NONE',  ( -1.300000000000000044, 0.000000000000000000, 1.050000000000000044 ) ) ;
#225 = FILL_AREA_STYLE_COLOUR ( '', #2177 ) ;
#226 = CARTESIAN_POINT ( 'NONE',  ( -1.589761634198784801, 0.5800000000000000711, 1.239761634198784934 ) ) ;
#227 = SURFACE_SIDE_STYLE ('',( #2316 ) ) ;
#228 = AXIS2_PLACEMENT_3D ( 'NONE', #836, #2881, #2209 ) ;
#229 = UNCERTAINTY_MEASURE_WITH_UNIT (LENGTH_MEASURE( 1.000000000000000082E-05 ), #611, 'distance_accuracy_value', 'NONE');
#230 = CARTESIAN_POINT ( 'NONE',  ( 0.9500000000000000666, -0.09000000000000001055, 0.6999999999999999556 ) ) ;
#231 = EDGE_LOOP ( 'NONE', ( #877, #1695, #2350, #2933 ) ) ;
#232 = STYLED_ITEM ( 'NONE', ( #1623 ), #693 ) ;
#233 = CARTESIAN_POINT ( 'NONE',  ( 1.600000000000000089, 0.5600000000000000533, 0.000000000000000000 ) ) ;
#234 = ORIENTED_EDGE ( 'NONE', *, *, #2866, .F. ) ;
#235 = PRESENTATION_LAYER_ASSIGNMENT (  '', '', ( #1544 ) ) ;
#236 = AXIS2_PLACEMENT_3D ( 'NONE', #974, #83, #1718 ) ;
#237 = DIRECTION ( 'NONE',  ( 0.000000000000000000, 0.000000000000000000, 1.000000000000000000 ) ) ;
#238 = VECTOR ( 'NONE', #1761, 1000.000000000000000 ) ;
#239 = LINE ( 'NONE', #2095, #821 ) ;
#240 = DIRECTION ( 'NONE',  ( 0.000000000000000000, 1.000000000000000000, 0.000000000000000000 ) ) ;
#241 = PRESENTATION_STYLE_ASSIGNMENT (( #2305 ) ) ;
#242 = ADVANCED_FACE ( 'NONE', ( #2274 ), #195, .T. ) ;
#243 = DIRECTION ( 'NONE',  ( 0.000000000000000000, 0.000000000000000000, -1.000000000000000000 ) ) ;
#244 = ORIENTED_EDGE ( 'NONE', *, *, #2827, .T. ) ;
#245 = SURFACE_SIDE_STYLE ('',( #928 ) ) ;
#246 = ORIENTED_EDGE ( 'NONE', *, *, #1183, .T. ) ;
#247 = CIRCLE ( 'NONE', #2353, 0.2199999999999999178 ) ;
#248 = LINE ( 'NONE', #2103, #206 ) ;
#249 = EDGE_CURVE ( 'NONE', #1627, #473, #1817, .T. ) ;
#250 =( GEOMETRIC_REPRESENTATION_CONTEXT ( 3 ) GLOBAL_UNCERTAINTY_ASSIGNED_CONTEXT ( ( #1141 ) ) GLOBAL_UNIT_ASSIGNED_CONTEXT ( ( #2492, #387, #1767 ) ) REPRESENTATION_CONTEXT ( 'NONE', 'WORKASPACE' ) );
#251 = AXIS2_PLACEMENT_3D ( 'NONE', #2469, #2247, #2649 ) ;
#252 = PRESENTATION_STYLE_ASSIGNMENT (( #2283 ) ) ;
#253 = DIRECTION ( 'NONE',  ( 0.000000000000000000, 0.000000000000000000, 1.000000000000000000 ) ) ;
#254 = DIRECTION ( 'NONE',  ( 3.614007241618349264E-16, 0.000000000000000000, 1.000000000000000000 ) ) ;
#255 = CARTESIAN_POINT ( 'NONE',  ( 1.600000000000000089, 0.5600000000000000533, 0.9199999999999995959 ) ) ;
#256 = PRESENTATION_LAYER_ASSIGNMENT (  '', '', ( #2011 ) ) ;
#257 = ORIENTED_EDGE ( 'NONE', *, *, #2466, .T. ) ;
#258 = EDGE_CURVE ( 'NONE', #1627, #2230, #2742, .T. ) ;
#259 = CARTESIAN_POINT ( 'NONE',  ( 0.000000000000000000, -0.1000000000000000056, 0.000000000000000000 ) ) ;
#260 = DIRECTION ( 'NONE',  ( 0.000000000000000000, 0.000000000000000000, -1.000000000000000000 ) ) ;
#261 = ORIENTED_EDGE ( 'NONE', *, *, #1750, .T. ) ;
#262 = SURFACE_STYLE_USAGE ( .BOTH. , #34 ) ;
#263 = ADVANCED_FACE ( 'NONE', ( #2894 ), #2875, .T. ) ;
#264 = LINE ( 'NONE', #1193, #122 ) ;
#265 =( NAMED_UNIT ( * ) PLANE_ANGLE_UNIT ( ) SI_UNIT ( $, .RADIAN. ) );
#266 = CARTESIAN_POINT ( 'NONE',  ( -1.350000000000000311, 0.5600000000000000533, -1.250000000000000000 ) ) ;
#267 = ORIENTED_EDGE ( 'NONE', *, *, #2901, .F. ) ;
#268 =( LENGTH_UNIT ( ) NAMED_UNIT ( * ) SI_UNIT ( .MILLI., .METRE. ) );
#269 = CARTESIAN_POINT ( 'NONE',  ( 1.600000000000000089, 0.5600000000000000533, -1.000000000000000000 ) ) ;
#270 = CARTESIAN_POINT ( 'NONE',  ( 1.599999999999999645, 0.2600000000000000644, -1.020000000000000018 ) ) ;
#271 = ORIENTED_EDGE ( 'NONE', *, *, #2601, .T. ) ;
#272 = CARTESIAN_POINT ( 'NONE',  ( -1.250000000000000000, -0.07928932188134525660, 0.9999999999999997780 ) ) ;
#273 =( NAMED_UNIT ( * ) SI_UNIT ( $, .STERADIAN. ) SOLID_ANGLE_UNIT ( ) );
#274 =( GEOMETRIC_REPRESENTATION_CONTEXT ( 3 ) GLOBAL_UNCERTAINTY_ASSIGNED_CONTEXT ( ( #1312 ) ) GLOBAL_UNIT_ASSIGNED_CONTEXT ( ( #967, #2804, #753 ) ) REPRESENTATION_CONTEXT ( 'NONE', 'WORKASPACE' ) );
#275 = AXIS2_PLACEMENT_3D ( 'NONE', #1826, #2306, #2748 ) ;
#276 = VERTEX_POINT ( 'NONE', #367 ) ;
#277 =( LENGTH_UNIT ( ) NAMED_UNIT ( * ) SI_UNIT ( .MILLI., .METRE. ) );
#278 =( NAMED_UNIT ( * ) SI_UNIT ( $, .STERADIAN. ) SOLID_ANGLE_UNIT ( ) );
#279 = CIRCLE ( 'NONE', #1542, 0.2200000000000001399 ) ;
#280 = EDGE_CURVE ( 'NONE', #1698, #1347, #120, .T. ) ;
#281 = CARTESIAN_POINT ( 'NONE',  ( 1.250000000000000000, -0.02071067811865476976, -1.000000000000000000 ) ) ;
#282 = PRESENTATION_STYLE_ASSIGNMENT (( #2370 ) ) ;
#283 = AXIS2_PLACEMENT_3D ( 'NONE', #2475, #1526, #2255 ) ;
#284 = CARTESIAN_POINT ( 'NONE',  ( 1.500000000000000000, 0.2600000000000000644, 0.3499999999999994782 ) ) ;
#285 = LINE ( 'NONE', #1215, #1082 ) ;
#286 = ORIENTED_EDGE ( 'NONE', *, *, #223, .F. ) ;
#287 = CARTESIAN_POINT ( 'NONE',  ( 1.229289321881344987, -0.09999999999999997780, -0.9792893218813450984 ) ) ;
#288 = ORIENTED_EDGE ( 'NONE', *, *, #2684, .T. ) ;
#289 = CARTESIAN_POINT ( 'NONE',  ( -0.6000000000000000888, 0.5800000000000000711, 1.149999999999999689 ) ) ;
#290 = SURFACE_SIDE_STYLE ('',( #1464 ) ) ;
#291 = SURFACE_SIDE_STYLE ('',( #2221 ) ) ;
#292 = EDGE_LOOP ( 'NONE', ( #664, #2270, #2018, #2863 ) ) ;
#293 = DIRECTION ( 'NONE',  ( -1.000000000000000000, 0.000000000000000000, 2.323290369611795497E-16 ) ) ;
#294 =( LENGTH_UNIT ( ) NAMED_UNIT ( * ) SI_UNIT ( .MILLI., .METRE. ) );
#295 = ADVANCED_FACE ( 'NONE', ( #846, #601 ), #136, .F. ) ;
#296 = DIRECTION ( 'NONE',  ( -1.000000000000000000, 0.000000000000000000, 0.000000000000000000 ) ) ;
#297 = VECTOR ( 'NONE', #1521, 1000.000000000000000 ) ;
#298 = DIRECTION ( 'NONE',  ( 0.000000000000000000, 0.000000000000000000, -1.000000000000000000 ) ) ;
#299 = CARTESIAN_POINT ( 'NONE',  ( 0.000000000000000000, 0.5600000000000000533, 1.250000000000000000 ) ) ;
#300 = PRESENTATION_LAYER_ASSIGNMENT (  '', '', ( #2538 ) ) ;
#301 =( GEOMETRIC_REPRESENTATION_CONTEXT ( 3 ) GLOBAL_UNCERTAINTY_ASSIGNED_CONTEXT ( ( #717 ) ) GLOBAL_UNIT_ASSIGNED_CONTEXT ( ( #2299, #1852, #666 ) ) REPRESENTATION_CONTEXT ( 'NONE', 'WORKASPACE' ) );
#302 = MECHANICAL_DESIGN_GEOMETRIC_PRESENTATION_REPRESENTATION (  '', ( #2094 ), #1423 ) ;
#303 = ORIENTED_EDGE ( 'NONE', *, *, #2104, .T. ) ;
#304 = ORIENTED_EDGE ( 'NONE', *, *, #1360, .F. ) ;
#305 = DIRECTION ( 'NONE',  ( 1.000000000000000000, -0.000000000000000000, -0.000000000000000000 ) ) ;
#306 = CARTESIAN_POINT ( 'NONE',  ( -1.270710678118654346, -1.534598087062810565E-17, -1.020710678118654791 ) ) ;
#307 = ORIENTED_EDGE ( 'NONE', *, *, #81, .F. ) ;
#308 = DIRECTION ( 'NONE',  ( 0.000000000000000000, 1.000000000000000000, 0.000000000000000000 ) ) ;
#309 = COLOUR_RGB ( '',0.9686274509803921573, 0.8784313725490195957, 0.5999999999999999778 ) ;
#310 = PRESENTATION_STYLE_ASSIGNMENT (( #1647 ) ) ;
#311 = ADVANCED_FACE ( 'NONE', ( #2556 ), #950, .T. ) ;
#312 = LINE ( 'NONE', #792, #1493 ) ;
#313 = ORIENTED_EDGE ( 'NONE', *, *, #81, .T. ) ;
#314 = LINE ( 'NONE', #2822, #646 ) ;
#315 = EDGE_CURVE ( 'NONE', #2206, #1484, #2432, .T. ) ;
#316 = ORIENTED_EDGE ( 'NONE', *, *, #1259, .F. ) ;
#317 = CARTESIAN_POINT ( 'NONE',  ( 1.589761634198785023, 0.2600000000000000644, -1.239761634198784934 ) ) ;
#318 = VERTEX_POINT ( 'NONE', #2453 ) ;
#319 = LINE ( 'NONE', #1232, #1378 ) ;
#320 = DIRECTION ( 'NONE',  ( -1.000000000000000000, 0.000000000000000000, 0.000000000000000000 ) ) ;
#321 = FILL_AREA_STYLE_COLOUR ( '', #1729 ) ;
#322 = LINE ( 'NONE', #2169, #2030 ) ;
#323 = ORIENTED_EDGE ( 'NONE', *, *, #994, .T. ) ;
#324 =( LENGTH_UNIT ( ) NAMED_UNIT ( * ) SI_UNIT ( .MILLI., .METRE. ) );
#325 = AXIS2_PLACEMENT_3D ( 'NONE', #2570, #1660, #260 ) ;
#326 = CARTESIAN_POINT ( 'NONE',  ( 1.270710678118654346, -1.893288829974670301E-17, -1.020710678118654791 ) ) ;
#327 =( GEOMETRIC_REPRESENTATION_CONTEXT ( 3 ) GLOBAL_UNCERTAINTY_ASSIGNED_CONTEXT ( ( #344 ) ) GLOBAL_UNIT_ASSIGNED_CONTEXT ( ( #1427, #2390, #1679 ) ) REPRESENTATION_CONTEXT ( 'NONE', 'WORKASPACE' ) );
#328 = EDGE_CURVE ( 'NONE', #15, #927, #1077, .T. ) ;
#329 = CARTESIAN_POINT ( 'NONE',  ( 1.370000000000000107, 0.2600000000000000644, -1.250000000000000222 ) ) ;
#330 =( GEOMETRIC_REPRESENTATION_CONTEXT ( 3 ) GLOBAL_UNCERTAINTY_ASSIGNED_CONTEXT ( ( #104 ) ) GLOBAL_UNIT_ASSIGNED_CONTEXT ( ( #783, #86, #2149 ) ) REPRESENTATION_CONTEXT ( 'NONE', 'WORKASPACE' ) );
#331 = SURFACE_STYLE_USAGE ( .BOTH. , #2210 ) ;
#332 = DIRECTION ( 'NONE',  ( 0.000000000000000000, 0.000000000000000000, 1.000000000000000000 ) ) ;
#333 = ORIENTED_EDGE ( 'NONE', *, *, #745, .F. ) ;
#334 = SURFACE_STYLE_FILL_AREA ( #1228 ) ;
#335 = DIRECTION ( 'NONE',  ( 0.000000000000000000, 0.000000000000000000, 1.000000000000000000 ) ) ;
#336 = EDGE_LOOP ( 'NONE', ( #1960, #1689, #462, #106 ) ) ;
#337 =( NAMED_UNIT ( * ) PLANE_ANGLE_UNIT ( ) SI_UNIT ( $, .RADIAN. ) );
#338 = EDGE_CURVE ( 'NONE', #2013, #1662, #576, .T. ) ;
#339 =( GEOMETRIC_REPRESENTATION_CONTEXT ( 3 ) GLOBAL_UNCERTAINTY_ASSIGNED_CONTEXT ( ( #28 ) ) GLOBAL_UNIT_ASSIGNED_CONTEXT ( ( #268, #2870, #110 ) ) REPRESENTATION_CONTEXT ( 'NONE', 'WORKASPACE' ) );
#340 = UNCERTAINTY_MEASURE_WITH_UNIT (LENGTH_MEASURE( 1.000000000000000082E-05 ), #1811, 'distance_accuracy_value', 'NONE');
#341 = LINE ( 'NONE', #2200, #1785 ) ;
#342 = EDGE_LOOP ( 'NONE', ( #779, #2662, #2017, #62 ) ) ;
#343 = FILL_AREA_STYLE ('',( #526 ) ) ;
#344 = UNCERTAINTY_MEASURE_WITH_UNIT (LENGTH_MEASURE( 1.000000000000000082E-05 ), #1427, 'distance_accuracy_value', 'NONE');
#345 = DIRECTION ( 'NONE',  ( -1.000000000000000000, 0.000000000000000000, -0.000000000000000000 ) ) ;
#346 = SURFACE_SIDE_STYLE ('',( #1725 ) ) ;
#347 = CYLINDRICAL_SURFACE ( 'NONE', #2581, 0.3199255020153238260 ) ;
#348 = CYLINDRICAL_SURFACE ( 'NONE', #1318, 0.2199999999999999178 ) ;
#349 = PRESENTATION_LAYER_ASSIGNMENT (  '', '', ( #1267 ) ) ;
#350 = VERTEX_POINT ( 'NONE', #1269 ) ;
#351 = DIRECTION ( 'NONE',  ( 0.000000000000000000, 0.000000000000000000, -1.000000000000000000 ) ) ;
#352 = CARTESIAN_POINT ( 'NONE',  ( 0.6000000000000000888, 0.5600000000000000533, 0.5499999999999997113 ) ) ;
#353 = DIRECTION ( 'NONE',  ( -0.000000000000000000, -1.000000000000000000, -0.000000000000000000 ) ) ;
#354 = CARTESIAN_POINT ( 'NONE',  ( 1.500000000000000000, 0.2600000000000000644, -0.3499999999999999778 ) ) ;
#355 = STYLED_ITEM ( 'NONE', ( #2336 ), #2944 ) ;
#356 = VECTOR ( 'NONE', #215, 1000.000000000000000 ) ;
#357 = CARTESIAN_POINT ( 'NONE',  ( 0.9500000000000000666, -0.09000000000000001055, 0.5749999999999995115 ) ) ;
#358 = ORIENTED_EDGE ( 'NONE', *, *, #2466, .F. ) ;
#359 = FILL_AREA_STYLE_COLOUR ( '', #401 ) ;
#360 = ORIENTED_EDGE ( 'NONE', *, *, #1721, .T. ) ;
#361 = SURFACE_SIDE_STYLE ('',( #592 ) ) ;
#362 = SURFACE_STYLE_FILL_AREA ( #2902 ) ;
#363 = DIRECTION ( 'NONE',  ( 0.000000000000000000, 1.000000000000000000, 0.000000000000000000 ) ) ;
#364 = DIRECTION ( 'NONE',  ( 0.000000000000000000, 1.000000000000000000, 0.000000000000000000 ) ) ;
#365 = DIRECTION ( 'NONE',  ( -0.000000000000000000, -1.000000000000000000, -0.000000000000000000 ) ) ;
#366 = LINE ( 'NONE', #1978, #2915 ) ;
#367 = CARTESIAN_POINT ( 'NONE',  ( -1.200000000000000178, -0.1000000000000000056, 0.9499999999999999556 ) ) ;
#368 = SURFACE_STYLE_USAGE ( .BOTH. , #1297 ) ;
#369 = ORIENTED_EDGE ( 'NONE', *, *, #1896, .T. ) ;
#370 = SURFACE_STYLE_USAGE ( .BOTH. , #155 ) ;
#371 = UNCERTAINTY_MEASURE_WITH_UNIT (LENGTH_MEASURE( 1.000000000000000082E-05 ), #989, 'distance_accuracy_value', 'NONE');
#372 = EDGE_CURVE ( 'NONE', #2633, #859, #954, .T. ) ;
#373 = VECTOR ( 'NONE', #2645, 1000.000000000000000 ) ;
#374 = PRESENTATION_LAYER_ASSIGNMENT (  '', '', ( #1540 ) ) ;
#375 = DIRECTION ( 'NONE',  ( -0.000000000000000000, -0.000000000000000000, -1.000000000000000000 ) ) ;
#376 = FILL_AREA_STYLE ('',( #1771 ) ) ;
#377 = ORIENTED_EDGE ( 'NONE', *, *, #1226, .T. ) ;
#378 = PRESENTATION_STYLE_ASSIGNMENT (( #2038 ) ) ;
#379 = CARTESIAN_POINT ( 'NONE',  ( -1.600000000000000089, 0.000000000000000000, -1.250000000000000000 ) ) ;
#380 =( GEOMETRIC_REPRESENTATION_CONTEXT ( 3 ) GLOBAL_UNCERTAINTY_ASSIGNED_CONTEXT ( ( #2643 ) ) GLOBAL_UNIT_ASSIGNED_CONTEXT ( ( #1184, #1621, #2525 ) ) REPRESENTATION_CONTEXT ( 'NONE', 'WORKASPACE' ) );
#381 = CARTESIAN_POINT ( 'NONE',  ( -1.250000000000000000, -0.05000000000000000278, 1.000000000000000000 ) ) ;
#382 = VECTOR ( 'NONE', #825, 1000.000000000000000 ) ;
#383 = LINE ( 'NONE', #1489, #1177 ) ;
#384 = STYLED_ITEM ( 'NONE', ( #177 ), #1304 ) ;
#385 =( NAMED_UNIT ( * ) PLANE_ANGLE_UNIT ( ) SI_UNIT ( $, .RADIAN. ) );
#386 = ORIENTED_EDGE ( 'NONE', *, *, #180, .F. ) ;
#387 =( NAMED_UNIT ( * ) PLANE_ANGLE_UNIT ( ) SI_UNIT ( $, .RADIAN. ) );
#388 = ADVANCED_FACE ( 'NONE', ( #1970 ), #822, .F. ) ;
#389 = CARTESIAN_POINT ( 'NONE',  ( -1.599999999999999645, 0.5800000000000000711, 0.9200000000000000400 ) ) ;
#390 = CARTESIAN_POINT ( 'NONE',  ( -1.589761634198785467, 0.2600000000000000644, -1.239761634198784490 ) ) ;
#391 = VERTEX_POINT ( 'NONE', #1002 ) ;
#392 = DIRECTION ( 'NONE',  ( 0.000000000000000000, 0.000000000000000000, 1.000000000000000000 ) ) ;
#393 = FILL_AREA_STYLE ('',( #1335 ) ) ;
#394 = SURFACE_STYLE_USAGE ( .BOTH. , #2459 ) ;
#395 = MECHANICAL_DESIGN_GEOMETRIC_PRESENTATION_REPRESENTATION (  '', ( #1569 ), #787 ) ;
#396 = ADVANCED_FACE ( 'NONE', ( #791 ), #1924, .T. ) ;
#397 = CARTESIAN_POINT ( 'NONE',  ( 1.589761634198785023, 0.5800000000000000711, -1.239761634198784934 ) ) ;
#398 = STYLED_ITEM ( 'NONE', ( #1400 ), #2477 ) ;
#399 = ORIENTED_EDGE ( 'NONE', *, *, #1341, .T. ) ;
#400 = LINE ( 'NONE', #1326, #2473 ) ;
#401 = COLOUR_RGB ( '',0.9686274509803921573, 0.8784313725490195957, 0.5999999999999999778 ) ;
#402 = PRESENTATION_STYLE_ASSIGNMENT (( #370 ) ) ;
#403 = VECTOR ( 'NONE', #2324, 1000.000000000000000 ) ;
#404 = PRESENTATION_LAYER_ASSIGNMENT (  '', '', ( #1272 ) ) ;
#405 = VECTOR ( 'NONE', #2904, 1000.000000000000000 ) ;
#406 = SURFACE_STYLE_USAGE ( .BOTH. , #1800 ) ;
#407 = ORIENTED_EDGE ( 'NONE', *, *, #2352, .F. ) ;
#408 =( NAMED_UNIT ( * ) SI_UNIT ( $, .STERADIAN. ) SOLID_ANGLE_UNIT ( ) );
#409 =( NAMED_UNIT ( * ) PLANE_ANGLE_UNIT ( ) SI_UNIT ( $, .RADIAN. ) );
#410 = PRESENTATION_STYLE_ASSIGNMENT (( #1069 ) ) ;
#411 = DIRECTION ( 'NONE',  ( 0.000000000000000000, 1.000000000000000000, -0.000000000000000000 ) ) ;
#412 = SURFACE_SIDE_STYLE ('',( #1775 ) ) ;
#413 = DIRECTION ( 'NONE',  ( -0.000000000000000000, -1.000000000000000000, -0.000000000000000000 ) ) ;
#414 = EDGE_CURVE ( 'NONE', #2468, #1033, #435, .T. ) ;
#415 = ORIENTED_EDGE ( 'NONE', *, *, #2199, .T. ) ;
#416 = FILL_AREA_STYLE_COLOUR ( '', #2832 ) ;
#417 =( BOUNDED_CURVE ( )  B_SPLINE_CURVE ( 3, ( #1919, #287, #2824, #884 ),
 .UNSPECIFIED., .F., .T. ) 
 B_SPLINE_CURVE_WITH_KNOTS ( ( 4, 4 ),
 ( 4.712388980384690562, 6.283185307179586232 ),
 .UNSPECIFIED. ) 
 CURVE ( )  GEOMETRIC_REPRESENTATION_ITEM ( )  RATIONAL_B_SPLINE_CURVE ( ( 1.000000000000000000, 0.8047378541243652705, 0.8047378541243652705, 1.000000000000000000 ) ) 
 REPRESENTATION_ITEM ( '' )  );
#418 = ORIENTED_EDGE ( 'NONE', *, *, #2502, .F. ) ;
#419 = DIRECTION ( 'NONE',  ( 0.000000000000000000, 0.000000000000000000, 1.000000000000000000 ) ) ;
#420 = LINE ( 'NONE', #879, #772 ) ;
#421 = ORIENTED_EDGE ( 'NONE', *, *, #2223, .T. ) ;
#422 = CARTESIAN_POINT ( 'NONE',  ( 1.589761634198785023, 0.5800000000000000711, -1.239761634198784934 ) ) ;
#423 = COLOUR_RGB ( '',0.2509803921568627416, 0.2509803921568627416, 0.2509803921568627416 ) ;
#424 = COLOUR_RGB ( '',0.9686274509803921573, 0.8784313725490195957, 0.5999999999999999778 ) ;
#425 = AXIS2_PLACEMENT_3D ( 'NONE', #513, #2573, #1438 ) ;
#426 =( NAMED_UNIT ( * ) SI_UNIT ( $, .STERADIAN. ) SOLID_ANGLE_UNIT ( ) );
#427 = MECHANICAL_DESIGN_GEOMETRIC_PRESENTATION_REPRESENTATION (  '', ( #1782 ), #1740 ) ;
#428 = STYLED_ITEM ( 'NONE', ( #2973 ), #429 ) ;
#429 = ADVANCED_FACE ( 'NONE', ( #208 ), #1783, .T. ) ;
#430 = FACE_OUTER_BOUND ( 'NONE', #652, .T. ) ;
#431 = VERTEX_POINT ( 'NONE', #1164 ) ;
#432 = VECTOR ( 'NONE', #2749, 1000.000000000000000 ) ;
#433 = ORIENTED_EDGE ( 'NONE', *, *, #114, .F. ) ;
#434 = PRESENTATION_LAYER_ASSIGNMENT (  '', '', ( #1741 ) ) ;
#435 = LINE ( 'NONE', #2292, #1739 ) ;
#436 = MECHANICAL_DESIGN_GEOMETRIC_PRESENTATION_REPRESENTATION (  '', ( #1359 ), #339 ) ;
#437 = EDGE_LOOP ( 'NONE', ( #1777, #313, #244, #2953 ) ) ;
#438 = CARTESIAN_POINT ( 'NONE',  ( 1.500000000000000222, 0.5800000000000000711, 0.9326864384148845222 ) ) ;
#439 = CARTESIAN_POINT ( 'NONE',  ( -1.600000000000000089, 0.5600000000000000533, 1.250000000000000000 ) ) ;
#440 = DIRECTION ( 'NONE',  ( 0.000000000000000000, 1.000000000000000000, 0.000000000000000000 ) ) ;
#441 = LINE ( 'NONE', #902, #432 ) ;
#442 = ORIENTED_EDGE ( 'NONE', *, *, #2805, .T. ) ;
#443 = LINE ( 'NONE', #1160, #2728 ) ;
#444 = AXIS2_PLACEMENT_3D ( 'NONE', #379, #2194, #1306 ) ;
#445 = COLOUR_RGB ( '',0.7921568627450980005, 0.8196078431372548767, 0.9333333333333333481 ) ;
#446 = ORIENTED_EDGE ( 'NONE', *, *, #449, .F. ) ;
#447 = VECTOR ( 'NONE', #2537, 1000.000000000000000 ) ;
#448 =( NAMED_UNIT ( * ) PLANE_ANGLE_UNIT ( ) SI_UNIT ( $, .RADIAN. ) );
#449 = EDGE_CURVE ( 'NONE', #889, #2165, #901, .T. ) ;
#450 = AXIS2_PLACEMENT_3D ( 'NONE', #233, #1147, #2516 ) ;
#451 = EDGE_CURVE ( 'NONE', #82, #2129, #1388, .T. ) ;
#452 = CARTESIAN_POINT ( 'NONE',  ( -1.589761634198785467, 0.2600000000000000644, -1.239761634198784490 ) ) ;
#453 = CYLINDRICAL_SURFACE ( 'NONE', #704, 0.3199255020153238260 ) ;
#454 = DIRECTION ( 'NONE',  ( 0.000000000000000000, 0.000000000000000000, 1.000000000000000000 ) ) ;
#455 =( NAMED_UNIT ( * ) PLANE_ANGLE_UNIT ( ) SI_UNIT ( $, .RADIAN. ) );
#456 = DIRECTION ( 'NONE',  ( -1.000000000000000000, -0.000000000000000000, -4.336808689942016158E-15 ) ) ;
#457 = DIRECTION ( 'NONE',  ( 0.000000000000000000, 1.000000000000000000, 0.000000000000000000 ) ) ;
#458 = DIRECTION ( 'NONE',  ( 0.000000000000000000, -0.000000000000000000, -1.000000000000000000 ) ) ;
#459 = DIRECTION ( 'NONE',  ( 0.000000000000000000, 1.000000000000000000, -0.000000000000000000 ) ) ;
#460 = VERTEX_POINT ( 'NONE', #945 ) ;
#461 = DIRECTION ( 'NONE',  ( 0.000000000000000000, 0.000000000000000000, 1.000000000000000000 ) ) ;
#462 = ORIENTED_EDGE ( 'NONE', *, *, #1010, .T. ) ;
#463 = EDGE_CURVE ( 'NONE', #2412, #2616, #1879, .T. ) ;
#464 = LINE ( 'NONE', #2560, #2055 ) ;
#465 = LINE ( 'NONE', #1396, #1778 ) ;
#466 = DIRECTION ( 'NONE',  ( 0.000000000000000000, 1.000000000000000000, 0.000000000000000000 ) ) ;
#467 = COLOUR_RGB ( '',0.2509803921568627416, 0.2509803921568627416, 0.2509803921568627416 ) ;
#468 = LINE ( 'NONE', #41, #1638 ) ;
#469 = ORIENTED_EDGE ( 'NONE', *, *, #2866, .T. ) ;
#470 = PRESENTATION_LAYER_ASSIGNMENT (  '', '', ( #2557 ) ) ;
#471 =( NAMED_UNIT ( * ) PLANE_ANGLE_UNIT ( ) SI_UNIT ( $, .RADIAN. ) );
#472 =( GEOMETRIC_REPRESENTATION_CONTEXT ( 3 ) GLOBAL_UNCERTAINTY_ASSIGNED_CONTEXT ( ( #2416 ) ) GLOBAL_UNIT_ASSIGNED_CONTEXT ( ( #2647, #1254, #1191 ) ) REPRESENTATION_CONTEXT ( 'NONE', 'WORKASPACE' ) );
#473 = VERTEX_POINT ( 'NONE', #674 ) ;
#474 = SURFACE_STYLE_FILL_AREA ( #1628 ) ;
#475 = VECTOR ( 'NONE', #1451, 1000.000000000000000 ) ;
#476 = FILL_AREA_STYLE_COLOUR ( '', #578 ) ;
#477 = VECTOR ( 'NONE', #2687, 1000.000000000000000 ) ;
#478 = SURFACE_STYLE_USAGE ( .BOTH. , #2559 ) ;
#479 = PRESENTATION_STYLE_ASSIGNMENT (( #2313 ) ) ;
#480 = CIRCLE ( 'NONE', #2188, 0.3199255020153238260 ) ;
#481 = FILL_AREA_STYLE_COLOUR ( '', #1781 ) ;
#482 = SURFACE_STYLE_USAGE ( .BOTH. , #1633 ) ;
#483 = DIRECTION ( 'NONE',  ( 0.000000000000000000, 1.000000000000000000, 0.000000000000000000 ) ) ;
#484 = DIRECTION ( 'NONE',  ( 0.000000000000000000, 0.000000000000000000, 1.000000000000000000 ) ) ;
#485 =( LENGTH_UNIT ( ) NAMED_UNIT ( * ) SI_UNIT ( .MILLI., .METRE. ) );
#486 = CARTESIAN_POINT ( 'NONE',  ( 1.270000000000000240, 0.5800000000000000711, 1.249999999999999556 ) ) ;
#487 = EDGE_CURVE ( 'NONE', #2230, #2029, #1637, .T. ) ;
#488 = CARTESIAN_POINT ( 'NONE',  ( 1.599999999999999645, 0.5800000000000000711, -1.020000000000000018 ) ) ;
#489 = VERTEX_POINT ( 'NONE', #255 ) ;
#490 = CYLINDRICAL_SURFACE ( 'NONE', #1907, 0.04999999999999991257 ) ;
#491 = ORIENTED_EDGE ( 'NONE', *, *, #258, .F. ) ;
#492 = COLOUR_RGB ( '',0.9686274509803921573, 0.8784313725490195957, 0.5999999999999999778 ) ;
#493 = SURFACE_STYLE_FILL_AREA ( #1176 ) ;
#495 = SURFACE_STYLE_FILL_AREA ( #789 ) ;
#494 = DIRECTION ( 'NONE',  ( -1.000000000000000000, 0.000000000000000000, 0.000000000000000000 ) ) ;
#496 = MECHANICAL_DESIGN_GEOMETRIC_PRESENTATION_REPRESENTATION (  '', ( #1372 ), #1469 ) ;
#497 = VECTOR ( 'NONE', #1348, 1000.000000000000000 ) ;
#498 =( NAMED_UNIT ( * ) PLANE_ANGLE_UNIT ( ) SI_UNIT ( $, .RADIAN. ) );
#499 =( GEOMETRIC_REPRESENTATION_CONTEXT ( 3 ) GLOBAL_UNCERTAINTY_ASSIGNED_CONTEXT ( ( #2887 ) ) GLOBAL_UNIT_ASSIGNED_CONTEXT ( ( #1904, #2814, #1921 ) ) REPRESENTATION_CONTEXT ( 'NONE', 'WORKASPACE' ) );
#500 = LINE ( 'NONE', #266, #187 ) ;
#501 = VERTEX_POINT ( 'NONE', #486 ) ;
#502 = PRESENTATION_STYLE_ASSIGNMENT (( #744 ) ) ;
#503 = CARTESIAN_POINT ( 'NONE',  ( -1.589761634198785467, 0.2600000000000000644, -1.239761634198784490 ) ) ;
#504 = VECTOR ( 'NONE', #2092, 1000.000000000000000 ) ;
#505 = ORIENTED_EDGE ( 'NONE', *, *, #861, .T. ) ;
#506 = DIRECTION ( 'NONE',  ( 0.000000000000000000, 0.000000000000000000, 1.000000000000000000 ) ) ;
#507 = EDGE_CURVE ( 'NONE', #1828, #1148, #2349, .T. ) ;
#508 = DIRECTION ( 'NONE',  ( 0.000000000000000000, 0.000000000000000000, -1.000000000000000000 ) ) ;
#509 = CARTESIAN_POINT ( 'NONE',  ( -1.282686438414884833, 0.5800000000000000711, 1.149999999999999689 ) ) ;
#510 = EDGE_LOOP ( 'NONE', ( #1571, #2075, #2291, #1561 ) ) ;
#511 =( NAMED_UNIT ( * ) SI_UNIT ( $, .STERADIAN. ) SOLID_ANGLE_UNIT ( ) );
#512 =( NAMED_UNIT ( * ) PLANE_ANGLE_UNIT ( ) SI_UNIT ( $, .RADIAN. ) );
#513 = CARTESIAN_POINT ( 'NONE',  ( 1.200000000000000178, -0.05000000000000000278, 1.000000000000000000 ) ) ;
#514 = ORIENTED_EDGE ( 'NONE', *, *, #1993, .F. ) ;
#515 = DIRECTION ( 'NONE',  ( 0.000000000000000000, 0.000000000000000000, 1.000000000000000000 ) ) ;
#516 = EDGE_LOOP ( 'NONE', ( #1435, #1997, #2261, #514 ) ) ;
#517 =( LENGTH_UNIT ( ) NAMED_UNIT ( * ) SI_UNIT ( .MILLI., .METRE. ) );
#518 = EDGE_LOOP ( 'NONE', ( #386, #2790, #31, #48, #2583, #2192, #1799, #1575 ) ) ;
#519 = CARTESIAN_POINT ( 'NONE',  ( 1.282686438414885277, 0.2600000000000000644, 1.149999999999999467 ) ) ;
#520 = FILL_AREA_STYLE_COLOUR ( '', #987 ) ;
#521 = COLOUR_RGB ( '',0.9686274509803921573, 0.8784313725490195957, 0.5999999999999999778 ) ;
#522 = ADVANCED_FACE ( 'NONE', ( #137 ), #1980, .T. ) ;
#523 = PRESENTATION_LAYER_ASSIGNMENT (  '', '', ( #1062 ) ) ;
#524 = FILL_AREA_STYLE ('',( #1934 ) ) ;
#525 = EDGE_LOOP ( 'NONE', ( #1460, #2806, #548, #2449 ) ) ;
#526 = FILL_AREA_STYLE_COLOUR ( '', #2579 ) ;
#527 = COLOUR_RGB ( '',0.9686274509803921573, 0.8784313725490195957, 0.5999999999999999778 ) ;
#528 = PRESENTATION_LAYER_ASSIGNMENT (  '', '', ( #1636 ) ) ;
#529 = SURFACE_STYLE_FILL_AREA ( #2153 ) ;
#530 = DIRECTION ( 'NONE',  ( 0.000000000000000000, 0.000000000000000000, -1.000000000000000000 ) ) ;
#531 = CYLINDRICAL_SURFACE ( 'NONE', #1895, 0.3199255020153238260 ) ;
#532 = COLOUR_RGB ( '',0.9686274509803921573, 0.8784313725490195957, 0.5999999999999999778 ) ;
#533 = LINE ( 'NONE', #993, #2142 ) ;
#534 = ORIENTED_EDGE ( 'NONE', *, *, #176, .T. ) ;
#535 =( NAMED_UNIT ( * ) PLANE_ANGLE_UNIT ( ) SI_UNIT ( $, .RADIAN. ) );
#536 = VERTEX_POINT ( 'NONE', #2047 ) ;
#537 = DIRECTION ( 'NONE',  ( 0.000000000000000000, 1.000000000000000000, 0.000000000000000000 ) ) ;
#538 = LINE ( 'NONE', #1720, #602 ) ;
#539 = DIRECTION ( 'NONE',  ( 0.000000000000000000, 0.000000000000000000, 1.000000000000000000 ) ) ;
#540 = DIRECTION ( 'NONE',  ( 0.000000000000000000, 1.000000000000000000, 0.000000000000000000 ) ) ;
#541 = ORIENTED_EDGE ( 'NONE', *, *, #328, .T. ) ;
#542 = LINE ( 'NONE', #986, #1381 ) ;
#543 = EDGE_CURVE ( 'NONE', #42, #431, #2974, .T. ) ;
#544 = DIRECTION ( 'NONE',  ( 0.000000000000000000, 0.000000000000000000, 1.000000000000000000 ) ) ;
#545 = MECHANICAL_DESIGN_GEOMETRIC_PRESENTATION_REPRESENTATION (  '', ( #790 ), #115 ) ;
#546 = FILL_AREA_STYLE ('',( #2619 ) ) ;
#547 =( NAMED_UNIT ( * ) SI_UNIT ( $, .STERADIAN. ) SOLID_ANGLE_UNIT ( ) );
#548 = ORIENTED_EDGE ( 'NONE', *, *, #338, .T. ) ;
#549 =( NAMED_UNIT ( * ) SI_UNIT ( $, .STERADIAN. ) SOLID_ANGLE_UNIT ( ) );
#550 = AXIS2_PLACEMENT_3D ( 'NONE', #1407, #1112, #708 ) ;
#551 = CARTESIAN_POINT ( 'NONE',  ( -1.370000000000000107, 0.2600000000000000644, -1.250000000000000222 ) ) ;
#552 =( GEOMETRIC_REPRESENTATION_CONTEXT ( 3 ) GLOBAL_UNCERTAINTY_ASSIGNED_CONTEXT ( ( #211 ) ) GLOBAL_UNIT_ASSIGNED_CONTEXT ( ( #1404, #44, #1890 ) ) REPRESENTATION_CONTEXT ( 'NONE', 'WORKASPACE' ) );
#553 = ORIENTED_EDGE ( 'NONE', *, *, #1204, .F. ) ;
#554 =( NAMED_UNIT ( * ) SI_UNIT ( $, .STERADIAN. ) SOLID_ANGLE_UNIT ( ) );
#555 = ORIENTED_EDGE ( 'NONE', *, *, #1803, .F. ) ;
#556 = DIRECTION ( 'NONE',  ( 0.000000000000000000, -0.000000000000000000, 1.000000000000000000 ) ) ;
#557 = ADVANCED_FACE ( 'NONE', ( #2293 ), #940, .T. ) ;
#558 = UNCERTAINTY_MEASURE_WITH_UNIT (LENGTH_MEASURE( 1.000000000000000082E-05 ), #1577, 'distance_accuracy_value', 'NONE');
#559 = CARTESIAN_POINT ( 'NONE',  ( -0.6000000000000000888, 0.5600000000000000533, 0.000000000000000000 ) ) ;
#560 = VERTEX_POINT ( 'NONE', #224 ) ;
#561 = SURFACE_STYLE_FILL_AREA ( #343 ) ;
#562 = PRESENTATION_LAYER_ASSIGNMENT (  '', '', ( #1963 ) ) ;
#563 = EDGE_CURVE ( 'NONE', #2509, #2158, #2759, .T. ) ;
#564 = CARTESIAN_POINT ( 'NONE',  ( -1.589761634198785467, 0.2600000000000000644, -1.239761634198784490 ) ) ;
#565 = ORIENTED_EDGE ( 'NONE', *, *, #1559, .F. ) ;
#566 = DIRECTION ( 'NONE',  ( 1.000000000000000000, 0.000000000000000000, 0.000000000000000000 ) ) ;
#567 = FILL_AREA_STYLE_COLOUR ( '', #18 ) ;
#568 = ORIENTED_EDGE ( 'NONE', *, *, #1687, .F. ) ;
#569 = DIRECTION ( 'NONE',  ( 1.000000000000000000, 0.000000000000000000, -5.421010862427525128E-16 ) ) ;
#570 = CARTESIAN_POINT ( 'NONE',  ( -1.589761634198784801, 0.5600000000000000533, 1.239761634198784934 ) ) ;
#571 = SHAPE_DEFINITION_REPRESENTATION ( #1938, #2251 ) ;
#572 = SURFACE_STYLE_USAGE ( .BOTH. , #291 ) ;
#573 = ORIENTED_EDGE ( 'NONE', *, *, #861, .F. ) ;
#574 = EDGE_CURVE ( 'NONE', #1828, #589, #5, .T. ) ;
#575 =( GEOMETRIC_REPRESENTATION_CONTEXT ( 3 ) GLOBAL_UNCERTAINTY_ASSIGNED_CONTEXT ( ( #1286 ) ) GLOBAL_UNIT_ASSIGNED_CONTEXT ( ( #1833, #448, #890 ) ) REPRESENTATION_CONTEXT ( 'NONE', 'WORKASPACE' ) );
#576 = LINE ( 'NONE', #1957, #1441 ) ;
#577 = COLOUR_RGB ( '',0.9686274509803921573, 0.8784313725490195957, 0.5999999999999999778 ) ;
#578 = COLOUR_RGB ( '',0.9686274509803921573, 0.8784313725490195957, 0.5999999999999999778 ) ;
#579 = DIRECTION ( 'NONE',  ( 0.000000000000000000, 1.000000000000000000, -0.000000000000000000 ) ) ;
#580 = SURFACE_STYLE_FILL_AREA ( #2245 ) ;
#581 = SURFACE_STYLE_USAGE ( .BOTH. , #1991 ) ;
#582 = EDGE_CURVE ( 'NONE', #391, #1487, #701, .T. ) ;
#583 = PRESENTATION_LAYER_ASSIGNMENT (  '', '', ( #968 ) ) ;
#584 = EDGE_LOOP ( 'NONE', ( #1472, #154, #1298, #534 ) ) ;
#585 = CARTESIAN_POINT ( 'NONE',  ( -1.370000000000000107, 0.2600000000000000644, -1.250000000000000222 ) ) ;
#586 = FILL_AREA_STYLE ('',( #815 ) ) ;
#587 = PRESENTATION_LAYER_ASSIGNMENT (  '', '', ( #2798 ) ) ;
#588 = EDGE_CURVE ( 'NONE', #350, #1627, #465, .T. ) ;
#589 = VERTEX_POINT ( 'NONE', #1440 ) ;
#590 = LINE ( 'NONE', #785, #2625 ) ;
#591 = UNCERTAINTY_MEASURE_WITH_UNIT (LENGTH_MEASURE( 1.000000000000000082E-05 ), #880, 'distance_accuracy_value', 'NONE');
#592 = SURFACE_STYLE_FILL_AREA ( #2665 ) ;
#593 = LINE ( 'NONE', #1743, #805 ) ;
#594 = DIRECTION ( 'NONE',  ( 0.000000000000000000, 0.000000000000000000, -1.000000000000000000 ) ) ;
#595 = CARTESIAN_POINT ( 'NONE',  ( -1.599999999999999645, 0.2600000000000000644, -1.019999999999999574 ) ) ;
#596 = CYLINDRICAL_SURFACE ( 'NONE', #550, 0.05000000000000002359 ) ;
#597 = PRESENTATION_LAYER_ASSIGNMENT (  '', '', ( #1372 ) ) ;
#598 = PLANE ( 'NONE',  #2729 ) ;
#599 = SURFACE_STYLE_FILL_AREA ( #2022 ) ;
#600 = DIRECTION ( 'NONE',  ( 0.000000000000000000, 1.000000000000000000, 0.000000000000000000 ) ) ;
#601 = FACE_OUTER_BOUND ( 'NONE', #518, .T. ) ;
#602 = VECTOR ( 'NONE', #1658, 1000.000000000000000 ) ;
#603 = CIRCLE ( 'NONE', #1085, 0.3199255020153237150 ) ;
#604 = ADVANCED_FACE ( 'NONE', ( #1692 ), #1001, .T. ) ;
#605 = ORIENTED_EDGE ( 'NONE', *, *, #2366, .F. ) ;
#606 = LINE ( 'NONE', #2451, #1861 ) ;
#607 = STYLED_ITEM ( 'NONE', ( #2604 ), #139 ) ;
#608 = CARTESIAN_POINT ( 'NONE',  ( 1.589761634198785023, 0.5600000000000000533, -1.239761634198784934 ) ) ;
#609 =( NAMED_UNIT ( * ) SI_UNIT ( $, .STERADIAN. ) SOLID_ANGLE_UNIT ( ) );
#610 = ORIENTED_EDGE ( 'NONE', *, *, #1629, .F. ) ;
#611 =( LENGTH_UNIT ( ) NAMED_UNIT ( * ) SI_UNIT ( .MILLI., .METRE. ) );
#612 =( LENGTH_UNIT ( ) NAMED_UNIT ( * ) SI_UNIT ( .MILLI., .METRE. ) );
#613 = FACE_OUTER_BOUND ( 'NONE', #903, .T. ) ;
#614 = FILL_AREA_STYLE_COLOUR ( '', #194 ) ;
#615 = FILL_AREA_STYLE ('',( #2460 ) ) ;
#616 = DIRECTION ( 'NONE',  ( -0.000000000000000000, -1.000000000000000000, -0.000000000000000000 ) ) ;
#617 = ORIENTED_EDGE ( 'NONE', *, *, #934, .T. ) ;
#618 = EDGE_CURVE ( 'NONE', #1006, #460, #2554, .T. ) ;
#619 = ORIENTED_EDGE ( 'NONE', *, *, #1721, .F. ) ;
#620 = UNCERTAINTY_MEASURE_WITH_UNIT (LENGTH_MEASURE( 1.000000000000000082E-05 ), #2906, 'distance_accuracy_value', 'NONE');
#621 =( NAMED_UNIT ( * ) PLANE_ANGLE_UNIT ( ) SI_UNIT ( $, .RADIAN. ) );
#622 = PRESENTATION_LAYER_ASSIGNMENT (  '', '', ( #232 ) ) ;
#623 = FILL_AREA_STYLE ('',( #1501 ) ) ;
#624 = FILL_AREA_STYLE_COLOUR ( '', #309 ) ;
#625 = ORIENTED_EDGE ( 'NONE', *, *, #223, .T. ) ;
#626 = MECHANICAL_DESIGN_GEOMETRIC_PRESENTATION_REPRESENTATION (  '', ( #232 ), #1063 ) ;
#627 = SURFACE_SIDE_STYLE ('',( #1277 ) ) ;
#628 =( LENGTH_UNIT ( ) NAMED_UNIT ( * ) SI_UNIT ( .MILLI., .METRE. ) );
#629 = STYLED_ITEM ( 'NONE', ( #181 ), #1167 ) ;
#630 = CARTESIAN_POINT ( 'NONE',  ( 1.370000000000000329, 0.2600000000000000644, 1.249999999999999778 ) ) ;
#631 = STYLED_ITEM ( 'NONE', ( #1217 ), #1481 ) ;
#632 = SURFACE_STYLE_USAGE ( .BOTH. , #2737 ) ;
#633 = ORIENTED_EDGE ( 'NONE', *, *, #1204, .T. ) ;
#634 = EDGE_CURVE ( 'NONE', #853, #1680, #1244, .T. ) ;
#635 = DIRECTION ( 'NONE',  ( 1.000000000000000000, -0.000000000000000000, -0.000000000000000000 ) ) ;
#636 = FACE_OUTER_BOUND ( 'NONE', #231, .T. ) ;
#637 = STYLED_ITEM ( 'NONE', ( #1841 ), #1608 ) ;
#638 = FACE_OUTER_BOUND ( 'NONE', #516, .T. ) ;
#639 = CYLINDRICAL_SURFACE ( 'NONE', #1574, 0.2500000000000000000 ) ;
#640 = ORIENTED_EDGE ( 'NONE', *, *, #258, .T. ) ;
#641 = EDGE_CURVE ( 'NONE', #318, #2812, #1012, .T. ) ;
#642 = LINE ( 'NONE', #1805, #21 ) ;
#643 = FACE_OUTER_BOUND ( 'NONE', #2102, .T. ) ;
#644 = MECHANICAL_DESIGN_GEOMETRIC_PRESENTATION_REPRESENTATION (  '', ( #698 ), #1034 ) ;
#645 = CARTESIAN_POINT ( 'NONE',  ( -1.250000000000000000, -0.07928932188134525660, -1.000000000000000000 ) ) ;
#646 = VECTOR ( 'NONE', #758, 1000.000000000000000 ) ;
#647 = ORIENTED_EDGE ( 'NONE', *, *, #721, .F. ) ;
#648 = PRESENTATION_LAYER_ASSIGNMENT (  '', '', ( #2242 ) ) ;
#649 = EDGE_CURVE ( 'NONE', #1452, #2468, #1492, .T. ) ;
#650 = VECTOR ( 'NONE', #1813, 1000.000000000000000 ) ;
#651 = AXIS2_PLACEMENT_3D ( 'NONE', #2472, #2686, #1101 ) ;
#652 = EDGE_LOOP ( 'NONE', ( #246, #183, #1751, #2115 ) ) ;
#653 = FILL_AREA_STYLE ('',( #1988 ) ) ;
#654 = PRESENTATION_LAYER_ASSIGNMENT (  '', '', ( #607 ) ) ;
#655 = DIRECTION ( 'NONE',  ( 0.000000000000000000, 0.000000000000000000, -1.000000000000000000 ) ) ;
#656 = ORIENTED_EDGE ( 'NONE', *, *, #969, .T. ) ;
#657 = AXIS2_PLACEMENT_3D ( 'NONE', #1095, #2015, #2722 ) ;
#658 = FILL_AREA_STYLE ('',( #225 ) ) ;
#659 = FILL_AREA_STYLE ('',( #2950 ) ) ;
#660 = CARTESIAN_POINT ( 'NONE',  ( -1.600000000000000089, 0.5600000000000000533, -1.250000000000000000 ) ) ;
#661 = FILL_AREA_STYLE ('',( #1310 ) ) ;
#662 = ORIENTED_EDGE ( 'NONE', *, *, #1687, .T. ) ;
#663 = SURFACE_STYLE_USAGE ( .BOTH. , #245 ) ;
#664 = ORIENTED_EDGE ( 'NONE', *, *, #845, .F. ) ;
#665 = EDGE_LOOP ( 'NONE', ( #2418, #1922, #1812, #407 ) ) ;
#666 =( NAMED_UNIT ( * ) SI_UNIT ( $, .STERADIAN. ) SOLID_ANGLE_UNIT ( ) );
#667 = EDGE_CURVE ( 'NONE', #975, #82, #2751, .T. ) ;
#668 =( LENGTH_UNIT ( ) NAMED_UNIT ( * ) SI_UNIT ( .MILLI., .METRE. ) );
#669 = AXIS2_PLACEMENT_3D ( 'NONE', #1693, #298, #970 ) ;
#670 = CARTESIAN_POINT ( 'NONE',  ( 1.200000000000000178, -0.1000000000000000056, 0.9499999999999999556 ) ) ;
#671 = CARTESIAN_POINT ( 'NONE',  ( 0.9500000000000000666, -0.1000000000000000056, 0.8250000000000003997 ) ) ;
#672 = DIRECTION ( 'NONE',  ( 0.000000000000000000, 0.000000000000000000, -1.000000000000000000 ) ) ;
#673 = ADVANCED_FACE ( 'NONE', ( #1083 ), #990, .F. ) ;
#674 = CARTESIAN_POINT ( 'NONE',  ( 0.5999999999999999778, 0.5800000000000000711, -1.149999999999999911 ) ) ;
#675 = AXIS2_PLACEMENT_3D ( 'NONE', #1911, #296, #544 ) ;
#676 = UNCERTAINTY_MEASURE_WITH_UNIT (LENGTH_MEASURE( 1.000000000000000082E-05 ), #1389, 'distance_accuracy_value', 'NONE');
#677 = ORIENTED_EDGE ( 'NONE', *, *, #2419, .F. ) ;
#678 = CARTESIAN_POINT ( 'NONE',  ( 1.600000000000000089, 0.5600000000000000533, 1.250000000000000000 ) ) ;
#679 = EDGE_CURVE ( 'NONE', #1148, #2111, #400, .T. ) ;
#680 = COLOUR_RGB ( '',0.9686274509803921573, 0.8784313725490195957, 0.5999999999999999778 ) ;
#681 = VERTEX_POINT ( 'NONE', #1104 ) ;
#682 = AXIS2_PLACEMENT_3D ( 'NONE', #2907, #1100, #2936 ) ;
#683 = SURFACE_STYLE_FILL_AREA ( #2961 ) ;
#684 = DIRECTION ( 'NONE',  ( 0.000000000000000000, 1.000000000000000000, 0.000000000000000000 ) ) ;
#685 = CARTESIAN_POINT ( 'NONE',  ( -1.250000000000000000, -0.05000000000000000278, 1.000000000000000000 ) ) ;
#686 = UNCERTAINTY_MEASURE_WITH_UNIT (LENGTH_MEASURE( 1.000000000000000082E-05 ), #1299, 'distance_accuracy_value', 'NONE');
#687 = DIRECTION ( 'NONE',  ( 0.000000000000000000, 1.000000000000000000, 0.000000000000000000 ) ) ;
#688 = FILL_AREA_STYLE ('',( #2550 ) ) ;
#689 = DIRECTION ( 'NONE',  ( -2.168404344971008079E-15, -0.000000000000000000, -1.000000000000000000 ) ) ;
#690 = ORIENTED_EDGE ( 'NONE', *, *, #2199, .F. ) ;
#691 =( LENGTH_UNIT ( ) NAMED_UNIT ( * ) SI_UNIT ( .MILLI., .METRE. ) );
#692 = COLOUR_RGB ( '',0.9686274509803921573, 0.8784313725490195957, 0.5999999999999999778 ) ;
#693 = ADVANCED_FACE ( 'NONE', ( #1572 ), #2540, .T. ) ;
#694 = AXIS2_PLACEMENT_3D ( 'NONE', #882, #2339, #171 ) ;
#695 = ORIENTED_EDGE ( 'NONE', *, *, #2406, .F. ) ;
#696 = AXIS2_PLACEMENT_3D ( 'NONE', #2121, #1878, #725 ) ;
#697 = PRESENTATION_LAYER_ASSIGNMENT (  '', '', ( #1041 ) ) ;
#698 = STYLED_ITEM ( 'NONE', ( #241 ), #2442 ) ;
#699 = CYLINDRICAL_SURFACE ( 'NONE', #1912, 0.3199255020153237150 ) ;
#700 = LINE ( 'NONE', #1605, #356 ) ;
#701 = LINE ( 'NONE', #1620, #2371 ) ;
#702 = DIRECTION ( 'NONE',  ( -0.7071067811865474617, 0.000000000000000000, 0.7071067811865476838 ) ) ;
#703 = SURFACE_STYLE_USAGE ( .BOTH. , #227 ) ;
#704 = AXIS2_PLACEMENT_3D ( 'NONE', #2120, #739, #1439 ) ;
#705 = CARTESIAN_POINT ( 'NONE',  ( -1.250000000000000000, -0.05000000000000000278, -1.000000000000000000 ) ) ;
#706 = ORIENTED_EDGE ( 'NONE', *, *, #2494, .F. ) ;
#707 = EDGE_LOOP ( 'NONE', ( #1864, #219, #1266, #2787 ) ) ;
#708 = DIRECTION ( 'NONE',  ( 0.000000000000000000, 0.000000000000000000, 1.000000000000000000 ) ) ;
#709 = DIRECTION ( 'NONE',  ( 0.000000000000000000, 1.000000000000000000, -0.000000000000000000 ) ) ;
#710 = EDGE_CURVE ( 'NONE', #1831, #1816, #1868, .T. ) ;
#711 = LINE ( 'NONE', #1630, #497 ) ;
#712 = EDGE_CURVE ( 'NONE', #2568, #2980, #239, .T. ) ;
#713 = DIRECTION ( 'NONE',  ( 1.000000000000000000, 0.000000000000000000, -6.023345402697246965E-16 ) ) ;
#714 = SURFACE_STYLE_FILL_AREA ( #2345 ) ;
#715 = DIRECTION ( 'NONE',  ( -1.000000000000000000, 0.000000000000000000, 0.000000000000000000 ) ) ;
#716 =( GEOMETRIC_REPRESENTATION_CONTEXT ( 3 ) GLOBAL_UNCERTAINTY_ASSIGNED_CONTEXT ( ( #2916 ) ) GLOBAL_UNIT_ASSIGNED_CONTEXT ( ( #668, #455, #2300 ) ) REPRESENTATION_CONTEXT ( 'NONE', 'WORKASPACE' ) );
#717 = UNCERTAINTY_MEASURE_WITH_UNIT (LENGTH_MEASURE( 1.000000000000000082E-05 ), #2299, 'distance_accuracy_value', 'NONE');
#718 = ORIENTED_EDGE ( 'NONE', *, *, #712, .F. ) ;
#719 =( LENGTH_UNIT ( ) NAMED_UNIT ( * ) SI_UNIT ( .MILLI., .METRE. ) );
#720 = ORIENTED_EDGE ( 'NONE', *, *, #721, .T. ) ;
#721 = EDGE_CURVE ( 'NONE', #2394, #132, #2605, .T. ) ;
#722 = AXIS2_PLACEMENT_3D ( 'NONE', #72, #569, #2611 ) ;
#723 =( GEOMETRIC_REPRESENTATION_CONTEXT ( 3 ) GLOBAL_UNCERTAINTY_ASSIGNED_CONTEXT ( ( #2736 ) ) GLOBAL_UNIT_ASSIGNED_CONTEXT ( ( #2008, #2926, #1793 ) ) REPRESENTATION_CONTEXT ( 'NONE', 'WORKASPACE' ) );
#724 =( NAMED_UNIT ( * ) PLANE_ANGLE_UNIT ( ) SI_UNIT ( $, .RADIAN. ) );
#726 = DIRECTION ( 'NONE',  ( -1.000000000000000000, 0.000000000000000000, 0.000000000000000000 ) ) ;
#725 = DIRECTION ( 'NONE',  ( 0.000000000000000000, 0.000000000000000000, 1.000000000000000000 ) ) ;
#727 = PRESENTATION_LAYER_ASSIGNMENT (  '', '', ( #1359 ) ) ;
#728 =( BOUNDED_CURVE ( )  B_SPLINE_CURVE ( 3, ( #749, #272, #2145, #1203 ),
 .UNSPECIFIED., .F., .T. ) 
 B_SPLINE_CURVE_WITH_KNOTS ( ( 4, 4 ),
 ( 0.000000000000000000, 1.570796326794896558 ),
 .UNSPECIFIED. ) 
 CURVE ( )  GEOMETRIC_REPRESENTATION_ITEM ( )  RATIONAL_B_SPLINE_CURVE ( ( 1.000000000000000000, 0.8047378541243649375, 0.8047378541243649375, 1.000000000000000000 ) ) 
 REPRESENTATION_ITEM ( '' )  );
#729 = EDGE_CURVE ( 'NONE', #2298, #681, #1823, .T. ) ;
#730 = CARTESIAN_POINT ( 'NONE',  ( -1.600000000000000089, 0.2600000000000000644, -1.000000000000000222 ) ) ;
#731 = LINE ( 'NONE', #2549, #2566 ) ;
#732 = CARTESIAN_POINT ( 'NONE',  ( 0.5999999999999998668, 0.5600000000000000533, -2.168404344971008868E-16 ) ) ;
#733 =( NAMED_UNIT ( * ) SI_UNIT ( $, .STERADIAN. ) SOLID_ANGLE_UNIT ( ) );
#734 = ORIENTED_EDGE ( 'NONE', *, *, #2547, .F. ) ;
#735 = FILL_AREA_STYLE ('',( #2600 ) ) ;
#736 = ORIENTED_EDGE ( 'NONE', *, *, #2480, .F. ) ;
#737 =( GEOMETRIC_REPRESENTATION_CONTEXT ( 3 ) GLOBAL_UNCERTAINTY_ASSIGNED_CONTEXT ( ( #1716 ) ) GLOBAL_UNIT_ASSIGNED_CONTEXT ( ( #612, #1728, #2667 ) ) REPRESENTATION_CONTEXT ( 'NONE', 'WORKASPACE' ) );
#738 = FILL_AREA_STYLE_COLOUR ( '', #1905 ) ;
#739 = DIRECTION ( 'NONE',  ( 0.000000000000000000, 1.000000000000000000, 0.000000000000000000 ) ) ;
#740 =( GEOMETRIC_REPRESENTATION_CONTEXT ( 3 ) GLOBAL_UNCERTAINTY_ASSIGNED_CONTEXT ( ( #686 ) ) GLOBAL_UNIT_ASSIGNED_CONTEXT ( ( #1299, #2739, #2954 ) ) REPRESENTATION_CONTEXT ( 'NONE', 'WORKASPACE' ) );
#741 = PRESENTATION_LAYER_ASSIGNMENT (  '', '', ( #2959 ) ) ;
#742 = DIRECTION ( 'NONE',  ( -0.000000000000000000, 1.000000000000000000, 0.000000000000000000 ) ) ;
#743 = ORIENTED_EDGE ( 'NONE', *, *, #2778, .T. ) ;
#744 = SURFACE_STYLE_USAGE ( .BOTH. , #2621 ) ;
#745 = EDGE_CURVE ( 'NONE', #761, #42, #1809, .T. ) ;
#746 = ORIENTED_EDGE ( 'NONE', *, *, #2058, .T. ) ;
#747 = FACE_OUTER_BOUND ( 'NONE', #342, .T. ) ;
#748 = ORIENTED_EDGE ( 'NONE', *, *, #1673, .T. ) ;
#749 = CARTESIAN_POINT ( 'NONE',  ( -1.250000000000000000, -0.05000000000000000278, 1.000000000000000000 ) ) ;
#750 = DIRECTION ( 'NONE',  ( 0.000000000000000000, 0.000000000000000000, 1.000000000000000000 ) ) ;
#751 = SURFACE_STYLE_FILL_AREA ( #2816 ) ;
#752 = ORIENTED_EDGE ( 'NONE', *, *, #1140, .F. ) ;
#753 =( NAMED_UNIT ( * ) SI_UNIT ( $, .STERADIAN. ) SOLID_ANGLE_UNIT ( ) );
#754 = EDGE_CURVE ( 'NONE', #2509, #76, #112, .T. ) ;
#755 =( NAMED_UNIT ( * ) SI_UNIT ( $, .STERADIAN. ) SOLID_ANGLE_UNIT ( ) );
#756 = FILL_AREA_STYLE ('',( #2124 ) ) ;
#757 = DIRECTION ( 'NONE',  ( 0.000000000000000000, 1.000000000000000000, 0.000000000000000000 ) ) ;
#758 = DIRECTION ( 'NONE',  ( 0.000000000000000000, 1.000000000000000000, 0.000000000000000000 ) ) ;
#759 = VERTEX_POINT ( 'NONE', #2783 ) ;
#760 = PLANE ( 'NONE',  #722 ) ;
#761 = VERTEX_POINT ( 'NONE', #1385 ) ;
#762 = ADVANCED_FACE ( 'NONE', ( #2562 ), #2303, .F. ) ;
#763 = CARTESIAN_POINT ( 'NONE',  ( -1.270000000000000018, 0.5800000000000000711, -1.249999999999999778 ) ) ;
#764 = PRESENTATION_LAYER_ASSIGNMENT (  '', '', ( #2119 ) ) ;
#765 = FILL_AREA_STYLE ('',( #2415 ) ) ;
#766 = AXIS2_PLACEMENT_3D ( 'NONE', #45, #918, #508 ) ;
#767 = ADVANCED_FACE ( 'NONE', ( #2949 ), #2731, .T. ) ;
#768 = DIRECTION ( 'NONE',  ( -1.000000000000000000, 0.000000000000000000, -0.000000000000000000 ) ) ;
#769 = VERTEX_POINT ( 'NONE', #37 ) ;
#770 = EDGE_CURVE ( 'NONE', #1640, #991, #1631, .T. ) ;
#771 = VECTOR ( 'NONE', #2344, 1000.000000000000000 ) ;
#772 = VECTOR ( 'NONE', #2258, 1000.000000000000000 ) ;
#773 =( GEOMETRIC_REPRESENTATION_CONTEXT ( 3 ) GLOBAL_UNCERTAINTY_ASSIGNED_CONTEXT ( ( #1047 ) ) GLOBAL_UNIT_ASSIGNED_CONTEXT ( ( #1570, #203, #2764 ) ) REPRESENTATION_CONTEXT ( 'NONE', 'WORKASPACE' ) );
#774 = FACE_OUTER_BOUND ( 'NONE', #947, .T. ) ;
#775 = ORIENTED_EDGE ( 'NONE', *, *, #2010, .F. ) ;
#776 = FACE_OUTER_BOUND ( 'NONE', #2877, .T. ) ;
#777 = AXIS2_PLACEMENT_3D ( 'NONE', #1458, #2391, #96 ) ;
#778 =( NAMED_UNIT ( * ) SI_UNIT ( $, .STERADIAN. ) SOLID_ANGLE_UNIT ( ) );
#779 = ORIENTED_EDGE ( 'NONE', *, *, #1153, .F. ) ;
#780 = CARTESIAN_POINT ( 'NONE',  ( -1.269999999999999796, 0.5800000000000000711, 1.249999999999999778 ) ) ;
#781 = ORIENTED_EDGE ( 'NONE', *, *, #770, .F. ) ;
#782 = CARTESIAN_POINT ( 'NONE',  ( 1.500000000000000000, 0.2600000000000000644, -0.3499999999999999778 ) ) ;
#783 =( LENGTH_UNIT ( ) NAMED_UNIT ( * ) SI_UNIT ( .MILLI., .METRE. ) );
#784 = ORIENTED_EDGE ( 'NONE', *, *, #1509, .T. ) ;
#785 = CARTESIAN_POINT ( 'NONE',  ( -1.499999999999999778, 0.2600000000000000644, 0.9326864384148849663 ) ) ;
#786 = EDGE_CURVE ( 'NONE', #1928, #1240, #1442, .T. ) ;
#787 =( GEOMETRIC_REPRESENTATION_CONTEXT ( 3 ) GLOBAL_UNCERTAINTY_ASSIGNED_CONTEXT ( ( #868 ) ) GLOBAL_UNIT_ASSIGNED_CONTEXT ( ( #2023, #337, #1088 ) ) REPRESENTATION_CONTEXT ( 'NONE', 'WORKASPACE' ) );
#788 = DIRECTION ( 'NONE',  ( 1.000000000000000000, -0.000000000000000000, 0.000000000000000000 ) ) ;
#789 = FILL_AREA_STYLE ('',( #1940 ) ) ;
#790 = STYLED_ITEM ( 'NONE', ( #2762 ), #2447 ) ;
#791 = FACE_OUTER_BOUND ( 'NONE', #2464, .T. ) ;
#792 = CARTESIAN_POINT ( 'NONE',  ( 0.9500000000000000666, -0.09000000000000001055, 0.8250000000000003997 ) ) ;
#793 = ORIENTED_EDGE ( 'NONE', *, *, #2486, .F. ) ;
#794 = VECTOR ( 'NONE', #494, 1000.000000000000000 ) ;
#795 = LINE ( 'NONE', #146, #297 ) ;
#796 = EDGE_CURVE ( 'NONE', #1698, #2298, #2517, .T. ) ;
#797 = ORIENTED_EDGE ( 'NONE', *, *, #1320, .T. ) ;
#798 = FILL_AREA_STYLE ('',( #2841 ) ) ;
#799 = CARTESIAN_POINT ( 'NONE',  ( -1.282686438414884833, 0.5800000000000000711, 1.149999999999999689 ) ) ;
#800 =( LENGTH_UNIT ( ) NAMED_UNIT ( * ) SI_UNIT ( .MILLI., .METRE. ) );
#801 = COLOUR_RGB ( '',0.9686274509803921573, 0.8784313725490195957, 0.5999999999999999778 ) ;
#802 = CARTESIAN_POINT ( 'NONE',  ( -1.599999999999999645, 0.2600000000000000644, -1.019999999999999574 ) ) ;
#803 = VERTEX_POINT ( 'NONE', #1023 ) ;
#804 = PLANE ( 'NONE',  #2146 ) ;
#805 = VECTOR ( 'NONE', #1545, 1000.000000000000000 ) ;
#806 = ADVANCED_FACE ( 'NONE', ( #774 ), #2594, .T. ) ;
#807 = UNCERTAINTY_MEASURE_WITH_UNIT (LENGTH_MEASURE( 1.000000000000000082E-05 ), #1302, 'distance_accuracy_value', 'NONE');
#808 = CARTESIAN_POINT ( 'NONE',  ( 1.370000000000000329, 0.5800000000000000711, 1.249999999999999778 ) ) ;
#809 =( NAMED_UNIT ( * ) SI_UNIT ( $, .STERADIAN. ) SOLID_ANGLE_UNIT ( ) );
#810 = CARTESIAN_POINT ( 'NONE',  ( -1.600000000000000089, 0.000000000000000000, 1.000000000000000222 ) ) ;
#811 = DIRECTION ( 'NONE',  ( 0.000000000000000000, 1.000000000000000000, -0.000000000000000000 ) ) ;
#812 = VERTEX_POINT ( 'NONE', #1227 ) ;
#813 = SURFACE_SIDE_STYLE ('',( #2334 ) ) ;
#814 = DIRECTION ( 'NONE',  ( -2.168404344971008079E-15, -0.000000000000000000, -1.000000000000000000 ) ) ;
#815 = FILL_AREA_STYLE_COLOUR ( '', #423 ) ;
#816 = LINE ( 'NONE', #1722, #962 ) ;
#817 = ORIENTED_EDGE ( 'NONE', *, *, #1822, .T. ) ;
#818 = STYLED_ITEM ( 'NONE', ( #1733 ), #263 ) ;
#819 =( GEOMETRIC_REPRESENTATION_CONTEXT ( 3 ) GLOBAL_UNCERTAINTY_ASSIGNED_CONTEXT ( ( #2207 ) ) GLOBAL_UNIT_ASSIGNED_CONTEXT ( ( #1065, #2295, #1892 ) ) REPRESENTATION_CONTEXT ( 'NONE', 'WORKASPACE' ) );
#820 = COLOUR_RGB ( '',0.9686274509803921573, 0.8784313725490195957, 0.5999999999999999778 ) ;
#821 = VECTOR ( 'NONE', #713, 1000.000000000000000 ) ;
#822 = CYLINDRICAL_SURFACE ( 'NONE', #669, 0.04999999999999991257 ) ;
#823 = AXIS2_PLACEMENT_3D ( 'NONE', #452, #2367, #1661 ) ;
#824 = PRESENTATION_LAYER_ASSIGNMENT (  '', '', ( #818 ) ) ;
#825 = DIRECTION ( 'NONE',  ( 0.000000000000000000, 0.000000000000000000, -1.000000000000000000 ) ) ;
#826 =( NAMED_UNIT ( * ) SI_UNIT ( $, .STERADIAN. ) SOLID_ANGLE_UNIT ( ) );
#827 = AXIS2_PLACEMENT_3D ( 'NONE', #1158, #2087, #1600 ) ;
#828 = EDGE_CURVE ( 'NONE', #15, #2443, #1941, .T. ) ;
#829 = MECHANICAL_DESIGN_GEOMETRIC_PRESENTATION_REPRESENTATION (  '', ( #1741 ), #1070 ) ;
#830 = CARTESIAN_POINT ( 'NONE',  ( 1.500000000000000000, 0.5600000000000000533, -0.9326864384148849663 ) ) ;
#831 = PRESENTATION_STYLE_ASSIGNMENT (( #394 ) ) ;
#832 =( BOUNDED_CURVE ( )  B_SPLINE_CURVE ( 3, ( #1626, #2113, #1377, #220 ),
 .UNSPECIFIED., .F., .T. ) 
 B_SPLINE_CURVE_WITH_KNOTS ( ( 4, 4 ),
 ( 4.712388980384689674, 6.283185307179586232 ),
 .UNSPECIFIED. ) 
 CURVE ( )  GEOMETRIC_REPRESENTATION_ITEM ( )  RATIONAL_B_SPLINE_CURVE ( ( 1.000000000000000000, 0.8047378541243649375, 0.8047378541243649375, 1.000000000000000000 ) ) 
 REPRESENTATION_ITEM ( '' )  );
#833 = PLANE ( 'NONE',  #283 ) ;
#834 = ORIENTED_EDGE ( 'NONE', *, *, #2502, .T. ) ;
#835 = UNCERTAINTY_MEASURE_WITH_UNIT (LENGTH_MEASURE( 1.000000000000000082E-05 ), #2495, 'distance_accuracy_value', 'NONE');
#836 = CARTESIAN_POINT ( 'NONE',  ( -1.600000000000000089, 0.2600000000000000644, -1.250000000000000000 ) ) ;
#837 = DIRECTION ( 'NONE',  ( -1.000000000000000000, 0.000000000000000000, 3.614007241618349264E-16 ) ) ;
#838 = DIRECTION ( 'NONE',  ( 0.000000000000000000, 0.000000000000000000, 1.000000000000000000 ) ) ;
#839 = ORIENTED_EDGE ( 'NONE', *, *, #2259, .T. ) ;
#840 = UNCERTAINTY_MEASURE_WITH_UNIT (LENGTH_MEASURE( 1.000000000000000082E-05 ), #1239, 'distance_accuracy_value', 'NONE');
#841 = AXIS2_PLACEMENT_3D ( 'NONE', #2176, #97, #1869 ) ;
#842 = PRESENTATION_LAYER_ASSIGNMENT (  '', '', ( #1422 ) ) ;
#843 =( LENGTH_UNIT ( ) NAMED_UNIT ( * ) SI_UNIT ( .MILLI., .METRE. ) );
#844 = CARTESIAN_POINT ( 'NONE',  ( 1.600000000000000089, 0.2600000000000000644, -1.000000000000000000 ) ) ;
#845 = EDGE_CURVE ( 'NONE', #158, #1680, #312, .T. ) ;
#846 = FACE_BOUND ( 'NONE', #2338, .T. ) ;
#847 = CIRCLE ( 'NONE', #651, 0.3199255020153238260 ) ;
#848 = PRESENTATION_LAYER_ASSIGNMENT (  '', '', ( #123 ) ) ;
#849 = LINE ( 'NONE', #1338, #477 ) ;
#850 = EDGE_LOOP ( 'NONE', ( #1092, #1073, #1935, #2750 ) ) ;
#851 = DIRECTION ( 'NONE',  ( 0.000000000000000000, 0.000000000000000000, 1.000000000000000000 ) ) ;
#852 = CARTESIAN_POINT ( 'NONE',  ( 1.370000000000000107, 0.2600000000000000644, -1.250000000000000222 ) ) ;
#853 = VERTEX_POINT ( 'NONE', #1668 ) ;
#854 = SURFACE_STYLE_FILL_AREA ( #2441 ) ;
#855 = CARTESIAN_POINT ( 'NONE',  ( 1.589761634198785245, 0.5600000000000000533, 1.239761634198784490 ) ) ;
#856 = CARTESIAN_POINT ( 'NONE',  ( -1.250000000000000000, -0.1000000000000000056, 0.9499999999999999556 ) ) ;
#857 = CARTESIAN_POINT ( 'NONE',  ( 0.9500000000000000666, -0.09000000000000001055, 0.6999999999999999556 ) ) ;
#858 = LINE ( 'NONE', #2700, #99 ) ;
#859 = VERTEX_POINT ( 'NONE', #730 ) ;
#860 = SURFACE_STYLE_FILL_AREA ( #1797 ) ;
#861 = EDGE_CURVE ( 'NONE', #2427, #1601, #279, .T. ) ;
#862 = AXIS2_PLACEMENT_3D ( 'NONE', #1237, #2173, #955 ) ;
#863 = FILL_AREA_STYLE_COLOUR ( '', #2478 ) ;
#864 =( NAMED_UNIT ( * ) PLANE_ANGLE_UNIT ( ) SI_UNIT ( $, .RADIAN. ) );
#865 = ORIENTED_EDGE ( 'NONE', *, *, #2290, .T. ) ;
#866 = SURFACE_SIDE_STYLE ('',( #2213 ) ) ;
#867 = FILL_AREA_STYLE_COLOUR ( '', #445 ) ;
#868 = UNCERTAINTY_MEASURE_WITH_UNIT (LENGTH_MEASURE( 1.000000000000000082E-05 ), #2023, 'distance_accuracy_value', 'NONE');
#869 = AXIS2_PLACEMENT_3D ( 'NONE', #2862, #2400, #768 ) ;
#870 = CARTESIAN_POINT ( 'NONE',  ( 0.000000000000000000, 0.000000000000000000, 1.050000000000000044 ) ) ;
#871 = DIRECTION ( 'NONE',  ( 0.000000000000000000, -1.000000000000000000, -0.000000000000000000 ) ) ;
#872 = EDGE_CURVE ( 'NONE', #489, #1669, #2108, .T. ) ;
#873 = AXIS2_PLACEMENT_3D ( 'NONE', #2582, #915, #2542 ) ;
#874 = SURFACE_STYLE_FILL_AREA ( #661 ) ;
#875 = ORIENTED_EDGE ( 'NONE', *, *, #1398, .T. ) ;
#876 = CIRCLE ( 'NONE', #103, 0.3199255020153237150 ) ;
#877 = ORIENTED_EDGE ( 'NONE', *, *, #1413, .T. ) ;
#878 = SURFACE_STYLE_USAGE ( .BOTH. , #1558 ) ;
#879 = CARTESIAN_POINT ( 'NONE',  ( 0.000000000000000000, 0.5600000000000000533, -1.250000000000000000 ) ) ;
#880 =( LENGTH_UNIT ( ) NAMED_UNIT ( * ) SI_UNIT ( .MILLI., .METRE. ) );
#881 = ORIENTED_EDGE ( 'NONE', *, *, #2733, .T. ) ;
#882 = CARTESIAN_POINT ( 'NONE',  ( -1.589761634198784801, 0.5600000000000000533, 1.239761634198784934 ) ) ;
#883 = DIRECTION ( 'NONE',  ( 0.000000000000000000, 0.000000000000000000, 1.000000000000000000 ) ) ;
#884 = CARTESIAN_POINT ( 'NONE',  ( 1.250000000000000000, -0.05000000000000000278, -1.000000000000000000 ) ) ;
#885 = CIRCLE ( 'NONE', #1752, 0.3199255020153242701 ) ;
#886 = ORIENTED_EDGE ( 'NONE', *, *, #2104, .F. ) ;
#887 = CIRCLE ( 'NONE', #1273, 0.3199255020153238260 ) ;
#888 = VECTOR ( 'NONE', #305, 1000.000000000000000 ) ;
#889 = VERTEX_POINT ( 'NONE', #2577 ) ;
#890 =( NAMED_UNIT ( * ) SI_UNIT ( $, .STERADIAN. ) SOLID_ANGLE_UNIT ( ) );
#891 = SURFACE_STYLE_USAGE ( .BOTH. , #2168 ) ;
#892 = COLOUR_RGB ( '',0.2509803921568627416, 0.2509803921568627416, 0.2509803921568627416 ) ;
#893 = PRESENTATION_STYLE_ASSIGNMENT (( #2275 ) ) ;
#894 = PRESENTATION_STYLE_ASSIGNMENT (( #1124 ) ) ;
#895 = ORIENTED_EDGE ( 'NONE', *, *, #1641, .T. ) ;
#896 = SURFACE_STYLE_FILL_AREA ( #1594 ) ;
#897 = DIRECTION ( 'NONE',  ( -5.421010862427525128E-16, 0.000000000000000000, -1.000000000000000000 ) ) ;
#898 = FACE_OUTER_BOUND ( 'NONE', #1051, .T. ) ;
#899 = CARTESIAN_POINT ( 'NONE',  ( -1.599999999999999867, 0.2600000000000000644, -0.9199999999999998179 ) ) ;
#900 =( NAMED_UNIT ( * ) PLANE_ANGLE_UNIT ( ) SI_UNIT ( $, .RADIAN. ) );
#901 = LINE ( 'NONE', #2735, #2883 ) ;
#902 = CARTESIAN_POINT ( 'NONE',  ( -1.499999999999999778, 0.5800000000000000711, 0.9326864384148848552 ) ) ;
#903 = EDGE_LOOP ( 'NONE', ( #1531, #1221, #865, #433 ) ) ;
#904 = FILL_AREA_STYLE_COLOUR ( '', #1955 ) ;
#905 = ORIENTED_EDGE ( 'NONE', *, *, #1499, .T. ) ;
#906 = SURFACE_SIDE_STYLE ('',( #2063 ) ) ;
#907 = PRESENTATION_STYLE_ASSIGNMENT (( #1 ) ) ;
#908 = CARTESIAN_POINT ( 'NONE',  ( -1.499999999999999778, 0.2600000000000000644, 0.9326864384148848552 ) ) ;
#909 = DIRECTION ( 'NONE',  ( 1.000000000000000000, 0.000000000000000000, 0.000000000000000000 ) ) ;
#910 = MECHANICAL_DESIGN_GEOMETRIC_PRESENTATION_REPRESENTATION (  '', ( #428 ), #575 ) ;
#911 = AXIS2_PLACEMENT_3D ( 'NONE', #1838, #2561, #1181 ) ;
#912 = DIRECTION ( 'NONE',  ( 0.000000000000000000, 0.000000000000000000, -1.000000000000000000 ) ) ;
#913 = EDGE_CURVE ( 'NONE', #2633, #2073, #500, .T. ) ;
#914 = VECTOR ( 'NONE', #1313, 1000.000000000000000 ) ;
#915 = DIRECTION ( 'NONE',  ( 0.000000000000000000, 0.000000000000000000, -1.000000000000000000 ) ) ;
#916 = ORIENTED_EDGE ( 'NONE', *, *, #2020, .T. ) ;
#917 =( GEOMETRIC_REPRESENTATION_CONTEXT ( 3 ) GLOBAL_UNCERTAINTY_ASSIGNED_CONTEXT ( ( #340 ) ) GLOBAL_UNIT_ASSIGNED_CONTEXT ( ( #1811, #1072, #2952 ) ) REPRESENTATION_CONTEXT ( 'NONE', 'WORKASPACE' ) );
#918 = DIRECTION ( 'NONE',  ( 0.000000000000000000, -1.000000000000000000, 0.000000000000000000 ) ) ;
#919 = ORIENTED_EDGE ( 'NONE', *, *, #2010, .T. ) ;
#920 =( GEOMETRIC_REPRESENTATION_CONTEXT ( 3 ) GLOBAL_UNCERTAINTY_ASSIGNED_CONTEXT ( ( #2529 ) ) GLOBAL_UNIT_ASSIGNED_CONTEXT ( ( #1143, #1824, #2329 ) ) REPRESENTATION_CONTEXT ( 'NONE', 'WORKASPACE' ) );
#921 = CARTESIAN_POINT ( 'NONE',  ( -1.589761634198785467, 0.5800000000000000711, -1.239761634198784490 ) ) ;
#922 = CARTESIAN_POINT ( 'NONE',  ( 0.000000000000000000, 0.5600000000000000533, 1.149999999999999467 ) ) ;
#923 = CARTESIAN_POINT ( 'NONE',  ( -1.589761634198785467, 0.5800000000000000711, -1.239761634198784490 ) ) ;
#924 = SURFACE_STYLE_USAGE ( .BOTH. , #134 ) ;
#925 = CYLINDRICAL_SURFACE ( 'NONE', #929, 0.2199999999999999178 ) ;
#926 = CARTESIAN_POINT ( 'NONE',  ( -1.600000000000000089, 0.5600000000000000533, 0.000000000000000000 ) ) ;
#927 = VERTEX_POINT ( 'NONE', #55 ) ;
#928 = SURFACE_STYLE_FILL_AREA ( #960 ) ;
#929 = AXIS2_PLACEMENT_3D ( 'NONE', #1429, #1444, #484 ) ;
#930 = PRESENTATION_LAYER_ASSIGNMENT (  '', '', ( #2301 ) ) ;
#931 = ORIENTED_EDGE ( 'NONE', *, *, #2655, .T. ) ;
#932 = COLOUR_RGB ( '',0.9686274509803921573, 0.8784313725490195957, 0.5999999999999999778 ) ;
#933 = PLANE ( 'NONE',  #1131 ) ;
#934 = EDGE_CURVE ( 'NONE', #589, #2842, #1981, .T. ) ;
#935 = COLOUR_RGB ( '',0.2509803921568627416, 0.2509803921568627416, 0.2509803921568627416 ) ;
#936 = VECTOR ( 'NONE', #600, 1000.000000000000000 ) ;
#937 = SURFACE_SIDE_STYLE ('',( #2323 ) ) ;
#938 = COLOUR_RGB ( '',0.2509803921568627416, 0.2509803921568627416, 0.2509803921568627416 ) ;
#939 = DIRECTION ( 'NONE',  ( 0.000000000000000000, -1.000000000000000000, -0.000000000000000000 ) ) ;
#940 = PLANE ( 'NONE',  #911 ) ;
#941 = CARTESIAN_POINT ( 'NONE',  ( 1.250000000000000000, -0.07928932188134522885, 1.000000000000000000 ) ) ;
#942 = DIRECTION ( 'NONE',  ( -0.000000000000000000, 1.000000000000000000, 0.000000000000000000 ) ) ;
#943 = FILL_AREA_STYLE ('',( #1387 ) ) ;
#944 = PRESENTATION_LAYER_ASSIGNMENT (  '', '', ( #1281 ) ) ;
#945 = CARTESIAN_POINT ( 'NONE',  ( -1.369999999999999885, 0.2600000000000000644, 1.250000000000000222 ) ) ;
#946 = FILL_AREA_STYLE_COLOUR ( '', #680 ) ;
#947 = EDGE_LOOP ( 'NONE', ( #662, #633, #2830, #33, #1174, #1261, #1593, #1643, #2531, #2395 ) ) ;
#948 = ORIENTED_EDGE ( 'NONE', *, *, #1750, .F. ) ;
#949 = SURFACE_STYLE_USAGE ( .BOTH. , #1099 ) ;
#950 = PLANE ( 'NONE',  #1595 ) ;
#951 = EDGE_CURVE ( 'NONE', #1579, #927, #1931, .T. ) ;
#952 = FILL_AREA_STYLE_COLOUR ( '', #1137 ) ;
#953 = DIRECTION ( 'NONE',  ( 0.000000000000000000, 0.000000000000000000, 1.000000000000000000 ) ) ;
#954 = CIRCLE ( 'NONE', #228, 0.2499999999999997780 ) ;
#955 = DIRECTION ( 'NONE',  ( 0.000000000000000000, 0.000000000000000000, 1.000000000000000000 ) ) ;
#956 = DIRECTION ( 'NONE',  ( 0.000000000000000000, 1.000000000000000000, 0.000000000000000000 ) ) ;
#957 = ORIENTED_EDGE ( 'NONE', *, *, #1629, .T. ) ;
#958 = PRESENTATION_LAYER_ASSIGNMENT (  '', '', ( #1017 ) ) ;
#959 = ADVANCED_FACE ( 'NONE', ( #2191 ), #1744, .T. ) ;
#960 = FILL_AREA_STYLE ('',( #14 ) ) ;
#961 = STYLED_ITEM ( 'NONE', ( #2932 ), #4 ) ;
#962 = VECTOR ( 'NONE', #2640, 1000.000000000000000 ) ;
#963 = MECHANICAL_DESIGN_GEOMETRIC_PRESENTATION_REPRESENTATION (  '', ( #1486 ), #274 ) ;
#964 =( NAMED_UNIT ( * ) PLANE_ANGLE_UNIT ( ) SI_UNIT ( $, .RADIAN. ) );
#965 = EDGE_LOOP ( 'NONE', ( #2598, #2320, #2813, #948 ) ) ;
#966 = COLOUR_RGB ( '',0.9686274509803921573, 0.8784313725490195957, 0.5999999999999999778 ) ;
#967 =( LENGTH_UNIT ( ) NAMED_UNIT ( * ) SI_UNIT ( .MILLI., .METRE. ) );
#968 = STYLED_ITEM ( 'NONE', ( #831 ), #1568 ) ;
#969 = EDGE_CURVE ( 'NONE', #489, #1928, #2439, .T. ) ;
#970 = DIRECTION ( 'NONE',  ( -1.000000000000000000, 0.000000000000000000, 0.000000000000000000 ) ) ;
#971 = CARTESIAN_POINT ( 'NONE',  ( 1.589761634198785245, 0.5600000000000000533, 1.239761634198784490 ) ) ;
#972 = ORIENTED_EDGE ( 'NONE', *, *, #1010, .F. ) ;
#973 = FILL_AREA_STYLE_COLOUR ( '', #492 ) ;
#974 = CARTESIAN_POINT ( 'NONE',  ( -1.300000000000000044, -0.05000000000000000278, 0.000000000000000000 ) ) ;
#975 = VERTEX_POINT ( 'NONE', #2679 ) ;
#976 = LINE ( 'NONE', #289, #2343 ) ;
#977 = DIRECTION ( 'NONE',  ( 0.000000000000000000, 0.000000000000000000, -1.000000000000000000 ) ) ;
#978 = DIRECTION ( 'NONE',  ( 0.000000000000000000, 0.000000000000000000, 1.000000000000000000 ) ) ;
#979 = DIRECTION ( 'NONE',  ( 0.000000000000000000, 1.000000000000000000, 0.000000000000000000 ) ) ;
#980 = CARTESIAN_POINT ( 'NONE',  ( 1.500000000000000000, 0.2600000000000000644, -0.9326864384148849663 ) ) ;
#981 = VERTEX_POINT ( 'NONE', #2868 ) ;
#982 =( GEOMETRIC_REPRESENTATION_CONTEXT ( 3 ) GLOBAL_UNCERTAINTY_ASSIGNED_CONTEXT ( ( #840 ) ) GLOBAL_UNIT_ASSIGNED_CONTEXT ( ( #1239, #2564, #778 ) ) REPRESENTATION_CONTEXT ( 'NONE', 'WORKASPACE' ) );
#983 = FILL_AREA_STYLE_COLOUR ( '', #1999 ) ;
#984 = VECTOR ( 'NONE', #199, 1000.000000000000000 ) ;
#985 = AXIS2_PLACEMENT_3D ( 'NONE', #36, #909, #1366 ) ;
#986 = CARTESIAN_POINT ( 'NONE',  ( 0.9500000000000000666, -0.09000000000000001055, 0.5749999999999995115 ) ) ;
#987 = COLOUR_RGB ( '',0.7921568627450980005, 0.8196078431372548767, 0.9333333333333333481 ) ;
#988 = CIRCLE ( 'NONE', #696, 0.2500000000000000000 ) ;
#989 =( LENGTH_UNIT ( ) NAMED_UNIT ( * ) SI_UNIT ( .MILLI., .METRE. ) );
#990 = CYLINDRICAL_SURFACE ( 'NONE', #1154, 0.04999999999999991257 ) ;
#991 = VERTEX_POINT ( 'NONE', #389 ) ;
#992 = FACE_OUTER_BOUND ( 'NONE', #2552, .T. ) ;
#993 = CARTESIAN_POINT ( 'NONE',  ( 1.370000000000000107, 0.5800000000000000711, -1.250000000000000222 ) ) ;
#994 = EDGE_CURVE ( 'NONE', #2947, #207, #2467, .T. ) ;
#995 = EDGE_LOOP ( 'NONE', ( #1736, #1930, #125, #573, #1365 ) ) ;
#996 = CARTESIAN_POINT ( 'NONE',  ( -1.500000000000000000, 0.5800000000000000711, 0.3499999999999998113 ) ) ;
#997 = VERTEX_POINT ( 'NONE', #2884 ) ;
#998 = DIRECTION ( 'NONE',  ( 1.000000000000000000, -0.000000000000000000, -0.000000000000000000 ) ) ;
#999 = ORIENTED_EDGE ( 'NONE', *, *, #1337, .F. ) ;
#1000 =( NAMED_UNIT ( * ) SI_UNIT ( $, .STERADIAN. ) SOLID_ANGLE_UNIT ( ) );
#1001 = PLANE ( 'NONE',  #1345 ) ;
#1002 = CARTESIAN_POINT ( 'NONE',  ( -1.500000000000000000, 0.5600000000000000533, 0.3499999999999998113 ) ) ;
#1003 = FILL_AREA_STYLE_COLOUR ( '', #2039 ) ;
#1004 = CARTESIAN_POINT ( 'NONE',  ( 0.6000000000000000888, 0.5800000000000000711, 0.5499999999999997113 ) ) ;
#1005 = MECHANICAL_DESIGN_GEOMETRIC_PRESENTATION_REPRESENTATION (  '', ( #1536 ), #819 ) ;
#1006 = VERTEX_POINT ( 'NONE', #1301 ) ;
#1007 = CARTESIAN_POINT ( 'NONE',  ( -1.600000000000000089, 0.2600000000000000644, 1.000000000000000222 ) ) ;
#1008 = VERTEX_POINT ( 'NONE', #2236 ) ;
#1009 = DIRECTION ( 'NONE',  ( 0.000000000000000000, -1.000000000000000000, 0.000000000000000000 ) ) ;
#1010 = EDGE_CURVE ( 'NONE', #2412, #2222, #157, .T. ) ;
#1011 =( NAMED_UNIT ( * ) PLANE_ANGLE_UNIT ( ) SI_UNIT ( $, .RADIAN. ) );
#1012 = CIRCLE ( 'NONE', #2695, 0.2500000000000000000 ) ;
#1013 = COLOUR_RGB ( '',0.9686274509803921573, 0.8784313725490195957, 0.5999999999999999778 ) ;
#1014 = CARTESIAN_POINT ( 'NONE',  ( -1.300000000000000044, 0.000000000000000000, -1.050000000000000044 ) ) ;
#1015 = ORIENTED_EDGE ( 'NONE', *, *, #1764, .T. ) ;
#1016 = FACE_OUTER_BOUND ( 'NONE', #850, .T. ) ;
#1017 = STYLED_ITEM ( 'NONE', ( #1770 ), #959 ) ;
#1018 = COLOUR_RGB ( '',0.9686274509803921573, 0.8784313725490195957, 0.5999999999999999778 ) ;
#1019 =( NAMED_UNIT ( * ) SI_UNIT ( $, .STERADIAN. ) SOLID_ANGLE_UNIT ( ) );
#1020 = EDGE_CURVE ( 'NONE', #109, #997, #2002, .T. ) ;
#1021 = MECHANICAL_DESIGN_GEOMETRIC_PRESENTATION_REPRESENTATION (  '', ( #631 ), #2033 ) ;
#1022 = SURFACE_STYLE_FILL_AREA ( #2138 ) ;
#1023 = CARTESIAN_POINT ( 'NONE',  ( -1.369999999999999885, 0.5800000000000000711, 1.250000000000000222 ) ) ;
#1024 = ORIENTED_EDGE ( 'NONE', *, *, #770, .T. ) ;
#1025 = SURFACE_STYLE_USAGE ( .BOTH. , #2837 ) ;
#1026 = COLOUR_RGB ( '',0.9686274509803921573, 0.8784313725490195957, 0.5999999999999999778 ) ;
#1027 = DIRECTION ( 'NONE',  ( 0.000000000000000000, 1.000000000000000000, 0.000000000000000000 ) ) ;
#1028 = ORIENTED_EDGE ( 'NONE', *, *, #969, .F. ) ;
#1029 = ORIENTED_EDGE ( 'NONE', *, *, #176, .F. ) ;
#1030 = DIRECTION ( 'NONE',  ( 0.000000000000000000, 1.000000000000000000, 0.000000000000000000 ) ) ;
#1031 = FILL_AREA_STYLE ('',( #321 ) ) ;
#1032 = DIRECTION ( 'NONE',  ( 2.168404344971008079E-15, 0.000000000000000000, -1.000000000000000000 ) ) ;
#1033 = VERTEX_POINT ( 'NONE', #129 ) ;
#1034 =( GEOMETRIC_REPRESENTATION_CONTEXT ( 3 ) GLOBAL_UNCERTAINTY_ASSIGNED_CONTEXT ( ( #2708 ) ) GLOBAL_UNIT_ASSIGNED_CONTEXT ( ( #1355, #2528, #426 ) ) REPRESENTATION_CONTEXT ( 'NONE', 'WORKASPACE' ) );
#1035 =( LENGTH_UNIT ( ) NAMED_UNIT ( * ) SI_UNIT ( .MILLI., .METRE. ) );
#1036 = DIRECTION ( 'NONE',  ( 0.000000000000000000, -1.000000000000000000, -0.000000000000000000 ) ) ;
#1037 = EDGE_LOOP ( 'NONE', ( #1121, #1538, #1548, #190 ) ) ;
#1038 =( NAMED_UNIT ( * ) PLANE_ANGLE_UNIT ( ) SI_UNIT ( $, .RADIAN. ) );
#1039 = AXIS2_PLACEMENT_3D ( 'NONE', #2171, #2865, #293 ) ;
#1040 = VECTOR ( 'NONE', #1837, 1000.000000000000000 ) ;
#1041 = STYLED_ITEM ( 'NONE', ( #2940 ), #2897 ) ;
#1042 = ORIENTED_EDGE ( 'NONE', *, *, #1599, .T. ) ;
#1043 =( LENGTH_UNIT ( ) NAMED_UNIT ( * ) SI_UNIT ( .MILLI., .METRE. ) );
#1044 = DIRECTION ( 'NONE',  ( 0.000000000000000000, 1.000000000000000000, -0.000000000000000000 ) ) ;
#1045 = PRESENTATION_STYLE_ASSIGNMENT (( #2462 ) ) ;
#1046 =( BOUNDED_CURVE ( )  B_SPLINE_CURVE ( 3, ( #1598, #2951, #645, #2773 ),
 .UNSPECIFIED., .F., .F. ) 
 B_SPLINE_CURVE_WITH_KNOTS ( ( 4, 4 ),
 ( 4.712388980384689674, 6.283185307179586232 ),
 .UNSPECIFIED. ) 
 CURVE ( )  GEOMETRIC_REPRESENTATION_ITEM ( )  RATIONAL_B_SPLINE_CURVE ( ( 1.000000000000000000, 0.8047378541243649375, 0.8047378541243649375, 1.000000000000000000 ) ) 
 REPRESENTATION_ITEM ( '' )  );
#1047 = UNCERTAINTY_MEASURE_WITH_UNIT (LENGTH_MEASURE( 1.000000000000000082E-05 ), #1570, 'distance_accuracy_value', 'NONE');
#1048 = DIRECTION ( 'NONE',  ( -0.000000000000000000, -1.000000000000000000, -0.000000000000000000 ) ) ;
#1049 = VERTEX_POINT ( 'NONE', #808 ) ;
#1050 = CARTESIAN_POINT ( 'NONE',  ( 1.250000000000000000, -0.05000000000000000278, -1.000000000000000000 ) ) ;
#1051 = EDGE_LOOP ( 'NONE', ( #2725, #1772, #399, #605, #1283, #442, #2374, #2753, #555, #1015, #1554, #2620 ) ) ;
#1052 = UNCERTAINTY_MEASURE_WITH_UNIT (LENGTH_MEASURE( 1.000000000000000082E-05 ), #1819, 'distance_accuracy_value', 'NONE');
#1053 = ADVANCED_FACE ( 'NONE', ( #2455 ), #1096, .T. ) ;
#1054 = SURFACE_STYLE_USAGE ( .BOTH. , #1773 ) ;
#1055 = CARTESIAN_POINT ( 'NONE',  ( 1.589761634198785023, 0.2600000000000000644, -1.239761634198784934 ) ) ;
#1056 = ORIENTED_EDGE ( 'NONE', *, *, #2593, .T. ) ;
#1057 = DIRECTION ( 'NONE',  ( 1.000000000000000000, -0.000000000000000000, 2.168404344971008079E-15 ) ) ;
#1058 = FACE_OUTER_BOUND ( 'NONE', #1189, .T. ) ;
#1059 = FACE_OUTER_BOUND ( 'NONE', #2642, .T. ) ;
#1060 = ORIENTED_EDGE ( 'NONE', *, *, #1284, .F. ) ;
#1061 = DIRECTION ( 'NONE',  ( 0.000000000000000000, 1.000000000000000000, 0.000000000000000000 ) ) ;
#1062 = STYLED_ITEM ( 'NONE', ( #282 ), #604 ) ;
#1063 =( GEOMETRIC_REPRESENTATION_CONTEXT ( 3 ) GLOBAL_UNCERTAINTY_ASSIGNED_CONTEXT ( ( #1250 ) ) GLOBAL_UNIT_ASSIGNED_CONTEXT ( ( #485, #2187, #1356 ) ) REPRESENTATION_CONTEXT ( 'NONE', 'WORKASPACE' ) );
#1064 = AXIS2_PLACEMENT_3D ( 'NONE', #1959, #1989, #838 ) ;
#1065 =( LENGTH_UNIT ( ) NAMED_UNIT ( * ) SI_UNIT ( .MILLI., .METRE. ) );
#1066 = ADVANCED_FACE ( 'NONE', ( #2066 ), #1207, .T. ) ;
#1067 = CARTESIAN_POINT ( 'NONE',  ( 1.500000000000000000, 0.2600000000000000644, -0.9326864384148849663 ) ) ;
#1068 = PRESENTATION_STYLE_ASSIGNMENT (( #1054 ) ) ;
#1069 = SURFACE_STYLE_USAGE ( .BOTH. , #2457 ) ;
#1070 =( GEOMETRIC_REPRESENTATION_CONTEXT ( 3 ) GLOBAL_UNCERTAINTY_ASSIGNED_CONTEXT ( ( #2969 ) ) GLOBAL_UNIT_ASSIGNED_CONTEXT ( ( #1916, #1038, #549 ) ) REPRESENTATION_CONTEXT ( 'NONE', 'WORKASPACE' ) );
#1071 = LINE ( 'NONE', #2784, #1865 ) ;
#1072 =( NAMED_UNIT ( * ) PLANE_ANGLE_UNIT ( ) SI_UNIT ( $, .RADIAN. ) );
#1073 = ORIENTED_EDGE ( 'NONE', *, *, #649, .T. ) ;
#1074 = CYLINDRICAL_SURFACE ( 'NONE', #210, 0.2500000000000000000 ) ;
#1075 = UNCERTAINTY_MEASURE_WITH_UNIT (LENGTH_MEASURE( 1.000000000000000082E-05 ), #38, 'distance_accuracy_value', 'NONE');
#1076 = EDGE_CURVE ( 'NONE', #2309, #1662, #2587, .T. ) ;
#1077 = LINE ( 'NONE', #329, #1926 ) ;
#1078 = CARTESIAN_POINT ( 'NONE',  ( -1.300000000000000044, 0.000000000000000000, -1.050000000000000044 ) ) ;
#1079 =( NAMED_UNIT ( * ) SI_UNIT ( $, .STERADIAN. ) SOLID_ANGLE_UNIT ( ) );
#1080 = VERTEX_POINT ( 'NONE', #1434 ) ;
#1081 =( NAMED_UNIT ( * ) PLANE_ANGLE_UNIT ( ) SI_UNIT ( $, .RADIAN. ) );
#1082 = VECTOR ( 'NONE', #2161, 1000.000000000000000 ) ;
#1083 = FACE_OUTER_BOUND ( 'NONE', #2434, .T. ) ;
#1084 = VECTOR ( 'NONE', #1737, 1000.000000000000000 ) ;
#1085 = AXIS2_PLACEMENT_3D ( 'NONE', #1114, #411, #2654 ) ;
#1086 = SURFACE_STYLE_USAGE ( .BOTH. , #627 ) ;
#1087 = PLANE ( 'NONE',  #2899 ) ;
#1088 =( NAMED_UNIT ( * ) SI_UNIT ( $, .STERADIAN. ) SOLID_ANGLE_UNIT ( ) );
#1089 = PRODUCT_DEFINITION_FORMATION_WITH_SPECIFIED_SOURCE ( 'ANY', '', #2437, .NOT_KNOWN. ) ;
#1090 = PRESENTATION_LAYER_ASSIGNMENT (  '', '', ( #698 ) ) ;
#1091 = VECTOR ( 'NONE', #1515, 1000.000000000000000 ) ;
#1092 = ORIENTED_EDGE ( 'NONE', *, *, #2684, .F. ) ;
#1093 = CARTESIAN_POINT ( 'NONE',  ( 1.270000000000000018, 0.5800000000000000711, -1.250000000000000000 ) ) ;
#1094 = AXIS2_PLACEMENT_3D ( 'NONE', #1367, #1667, #345 ) ;
#1095 = CARTESIAN_POINT ( 'NONE',  ( 1.500000000000000222, 0.2600000000000000644, 0.9326864384148845222 ) ) ;
#1096 = PLANE ( 'NONE',  #2558 ) ;
#1097 = SURFACE_STYLE_USAGE ( .BOTH. , #1314 ) ;
#1098 = ORIENTED_EDGE ( 'NONE', *, *, #1253, .T. ) ;
#1099 = SURFACE_SIDE_STYLE ('',( #474 ) ) ;
#1100 = DIRECTION ( 'NONE',  ( 0.000000000000000000, 1.000000000000000000, 0.000000000000000000 ) ) ;
#1101 = DIRECTION ( 'NONE',  ( 0.000000000000000000, 0.000000000000000000, 1.000000000000000000 ) ) ;
#1102 = EDGE_CURVE ( 'NONE', #769, #214, #196, .T. ) ;
#1103 = ORIENTED_EDGE ( 'NONE', *, *, #2259, .F. ) ;
#1104 = CARTESIAN_POINT ( 'NONE',  ( 1.589761634198785023, 0.5800000000000000711, -1.019761634198784961 ) ) ;
#1105 = SURFACE_SIDE_STYLE ('',( #179 ) ) ;
#1106 = AXIS2_PLACEMENT_3D ( 'NONE', #61, #979, #539 ) ;
#1107 = STYLED_ITEM ( 'NONE', ( #410 ), #673 ) ;
#1108 =( NAMED_UNIT ( * ) SI_UNIT ( $, .STERADIAN. ) SOLID_ANGLE_UNIT ( ) );
#1109 = SURFACE_SIDE_STYLE ('',( #580 ) ) ;
#1110 = EDGE_LOOP ( 'NONE', ( #1135, #834, #1403, #695 ) ) ;
#1111 = EDGE_CURVE ( 'NONE', #2606, #991, #1330, .T. ) ;
#1112 = DIRECTION ( 'NONE',  ( -1.000000000000000000, -0.000000000000000000, 0.000000000000000000 ) ) ;
#1113 = UNCERTAINTY_MEASURE_WITH_UNIT (LENGTH_MEASURE( 1.000000000000000082E-05 ), #2734, 'distance_accuracy_value', 'NONE');
#1114 = CARTESIAN_POINT ( 'NONE',  ( -1.589761634198785467, 0.5600000000000000533, -1.239761634198784490 ) ) ;
#1115 = LINE ( 'NONE', #856, #1690 ) ;
#1116 = STYLED_ITEM ( 'NONE', ( #2712 ), #1275 ) ;
#1117 = CARTESIAN_POINT ( 'NONE',  ( 0.000000000000000000, -0.05000000000000000278, -1.050000000000000044 ) ) ;
#1118 = ORIENTED_EDGE ( 'NONE', *, *, #667, .T. ) ;
#1119 = SURFACE_STYLE_FILL_AREA ( #1573 ) ;
#1120 = VECTOR ( 'NONE', #1443, 1000.000000000000000 ) ;
#1121 = ORIENTED_EDGE ( 'NONE', *, *, #372, .F. ) ;
#1122 =( NAMED_UNIT ( * ) PLANE_ANGLE_UNIT ( ) SI_UNIT ( $, .RADIAN. ) );
#1123 =( LENGTH_UNIT ( ) NAMED_UNIT ( * ) SI_UNIT ( .MILLI., .METRE. ) );
#1124 = SURFACE_STYLE_USAGE ( .BOTH. , #937 ) ;
#1125 = ORIENTED_EDGE ( 'NONE', *, *, #2388, .T. ) ;
#1126 = CARTESIAN_POINT ( 'NONE',  ( 1.600000000000000089, 0.5600000000000000533, 1.000000000000000000 ) ) ;
#1127 = CARTESIAN_POINT ( 'NONE',  ( 8.131516293641279557E-17, 0.5600000000000000533, 0.3499999999999997558 ) ) ;
#1128 = FILL_AREA_STYLE_COLOUR ( '', #892 ) ;
#1129 = COLOUR_RGB ( '',0.9686274509803921573, 0.8784313725490195957, 0.5999999999999999778 ) ;
#1130 = SURFACE_STYLE_USAGE ( .BOTH. , #1144 ) ;
#1131 = AXIS2_PLACEMENT_3D ( 'NONE', #1969, #2818, #2630 ) ;
#1132 = UNCERTAINTY_MEASURE_WITH_UNIT (LENGTH_MEASURE( 1.000000000000000082E-05 ), #517, 'distance_accuracy_value', 'NONE');
#1133 = VERTEX_POINT ( 'NONE', #2114 ) ;
#1134 = SURFACE_SIDE_STYLE ('',( #2074 ) ) ;
#1135 = ORIENTED_EDGE ( 'NONE', *, *, #951, .F. ) ;
#1136 = FILL_AREA_STYLE_COLOUR ( '', #2935 ) ;
#1137 = COLOUR_RGB ( '',0.9686274509803921573, 0.8784313725490195957, 0.5999999999999999778 ) ;
#1138 =( NAMED_UNIT ( * ) SI_UNIT ( $, .STERADIAN. ) SOLID_ANGLE_UNIT ( ) );
#1139 = ORIENTED_EDGE ( 'NONE', *, *, #1153, .T. ) ;
#1140 = EDGE_CURVE ( 'NONE', #981, #2616, #420, .T. ) ;
#1141 = UNCERTAINTY_MEASURE_WITH_UNIT (LENGTH_MEASURE( 1.000000000000000082E-05 ), #2492, 'distance_accuracy_value', 'NONE');
#1142 = DIRECTION ( 'NONE',  ( 0.000000000000000000, 0.000000000000000000, -1.000000000000000000 ) ) ;
#1143 =( LENGTH_UNIT ( ) NAMED_UNIT ( * ) SI_UNIT ( .MILLI., .METRE. ) );
#1144 = SURFACE_SIDE_STYLE ('',( #1336 ) ) ;
#1145 = SURFACE_STYLE_USAGE ( .BOTH. , #1871 ) ;
#1146 = ORIENTED_EDGE ( 'NONE', *, *, #2778, .F. ) ;
#1147 = DIRECTION ( 'NONE',  ( -1.000000000000000000, 0.000000000000000000, 0.000000000000000000 ) ) ;
#1148 = VERTEX_POINT ( 'NONE', #1675 ) ;
#1149 = CARTESIAN_POINT ( 'NONE',  ( 0.000000000000000000, 0.000000000000000000, 0.000000000000000000 ) ) ;
#1150 = SURFACE_STYLE_FILL_AREA ( #2064 ) ;
#1151 = UNCERTAINTY_MEASURE_WITH_UNIT (LENGTH_MEASURE( 1.000000000000000082E-05 ), #719, 'distance_accuracy_value', 'NONE');
#1152 = STYLED_ITEM ( 'NONE', ( #1194 ), #388 ) ;
#1153 = EDGE_CURVE ( 'NONE', #761, #2980, #47, .T. ) ;
#1154 = AXIS2_PLACEMENT_3D ( 'NONE', #1712, #2631, #1482 ) ;
#1155 = CARTESIAN_POINT ( 'NONE',  ( 0.5999999999999999778, 0.2600000000000000644, -1.149999999999999911 ) ) ;
#1156 = MECHANICAL_DESIGN_GEOMETRIC_PRESENTATION_REPRESENTATION (  '', ( #2557 ), #1202 ) ;
#1157 = MECHANICAL_DESIGN_GEOMETRIC_PRESENTATION_REPRESENTATION (  '', ( #629 ), #2983 ) ;
#1158 = CARTESIAN_POINT ( 'NONE',  ( -1.589761634198784801, 0.5800000000000000711, 1.239761634198784934 ) ) ;
#1159 = ORIENTED_EDGE ( 'NONE', *, *, #2593, .F. ) ;
#1160 = CARTESIAN_POINT ( 'NONE',  ( 1.500000000000000222, 0.2600000000000000644, 0.9326864384148845222 ) ) ;
#1161 = PRESENTATION_LAYER_ASSIGNMENT (  '', '', ( #1986 ) ) ;
#1162 = EDGE_LOOP ( 'NONE', ( #358, #1582, #2143, #1476 ) ) ;
#1163 = CIRCLE ( 'NONE', #2482, 0.2199999999999999178 ) ;
#1164 = CARTESIAN_POINT ( 'NONE',  ( -0.6000000000000004219, 0.5800000000000000711, -1.149999999999999689 ) ) ;
#1165 =( LENGTH_UNIT ( ) NAMED_UNIT ( * ) SI_UNIT ( .MILLI., .METRE. ) );
#1166 = LINE ( 'NONE', #2093, #447 ) ;
#1167 = ADVANCED_FACE ( 'NONE', ( #1363 ), #1818, .T. ) ;
#1168 = CARTESIAN_POINT ( 'NONE',  ( -1.370000000000000107, 0.5800000000000000711, -1.250000000000000222 ) ) ;
#1169 = EDGE_CURVE ( 'NONE', #132, #2206, #1249, .T. ) ;
#1170 = CARTESIAN_POINT ( 'NONE',  ( -1.599999999999999867, 0.5600000000000000533, -0.9199999999999998179 ) ) ;
#1171 = ORIENTED_EDGE ( 'NONE', *, *, #574, .T. ) ;
#1172 = EDGE_CURVE ( 'NONE', #1431, #2840, #1265, .T. ) ;
#1173 = PRESENTATION_LAYER_ASSIGNMENT (  '', '', ( #790 ) ) ;
#1174 = ORIENTED_EDGE ( 'NONE', *, *, #1917, .T. ) ;
#1175 = PRESENTATION_LAYER_ASSIGNMENT (  '', '', ( #2397 ) ) ;
#1176 = FILL_AREA_STYLE ('',( #867 ) ) ;
#1177 = VECTOR ( 'NONE', #353, 1000.000000000000000 ) ;
#1178 = LINE ( 'NONE', #2946, #504 ) ;
#1179 = STYLED_ITEM ( 'NONE', ( #1517 ), #13 ) ;
#1180 = CARTESIAN_POINT ( 'NONE',  ( 1.600000000000000089, 0.5600000000000000533, -0.9200000000000000400 ) ) ;
#1181 = DIRECTION ( 'NONE',  ( 0.000000000000000000, -0.000000000000000000, 1.000000000000000000 ) ) ;
#1182 = MECHANICAL_DESIGN_GEOMETRIC_PRESENTATION_REPRESENTATION (  '', ( #607 ), #78 ) ;
#1183 = EDGE_CURVE ( 'NONE', #1431, #214, #2284, .T. ) ;
#1184 =( LENGTH_UNIT ( ) NAMED_UNIT ( * ) SI_UNIT ( .MILLI., .METRE. ) );
#1185 = ADVANCED_FACE ( 'NONE', ( #2615 ), #2829, .F. ) ;
#1186 = CARTESIAN_POINT ( 'NONE',  ( 1.599999999999999645, 0.2600000000000000644, -1.020000000000000018 ) ) ;
#1187 =( NAMED_UNIT ( * ) PLANE_ANGLE_UNIT ( ) SI_UNIT ( $, .RADIAN. ) );
#1188 = CARTESIAN_POINT ( 'NONE',  ( -1.589761634198784801, 0.5800000000000000711, 1.239761634198784934 ) ) ;
#1189 = EDGE_LOOP ( 'NONE', ( #565, #1730, #1060, #2942 ) ) ;
#1190 = PLANE ( 'NONE',  #2715 ) ;
#1191 =( NAMED_UNIT ( * ) SI_UNIT ( $, .STERADIAN. ) SOLID_ANGLE_UNIT ( ) );
#1192 = EDGE_LOOP ( 'NONE', ( #73, #2195, #1541, #222 ) ) ;
#1193 = CARTESIAN_POINT ( 'NONE',  ( 0.8000000000000000444, 0.2600000000000000644, 0.3499999999999996447 ) ) ;
#1194 = PRESENTATION_STYLE_ASSIGNMENT (( #1287 ) ) ;
#1195 =( GEOMETRIC_REPRESENTATION_CONTEXT ( 3 ) GLOBAL_UNCERTAINTY_ASSIGNED_CONTEXT ( ( #1529 ) ) GLOBAL_UNIT_ASSIGNED_CONTEXT ( ( #2220, #1996, #2197 ) ) REPRESENTATION_CONTEXT ( 'NONE', 'WORKASPACE' ) );
#1196 = DIRECTION ( 'NONE',  ( -0.000000000000000000, -1.000000000000000000, -0.000000000000000000 ) ) ;
#1197 = ORIENTED_EDGE ( 'NONE', *, *, #828, .F. ) ;
#1198 = CARTESIAN_POINT ( 'NONE',  ( 1.250000000000000000, -0.05000000000000000278, 1.000000000000000000 ) ) ;
#1199 = PRESENTATION_LAYER_ASSIGNMENT (  '', '', ( #2025 ) ) ;
#1200 = FILL_AREA_STYLE_COLOUR ( '', #2756 ) ;
#1201 = ORIENTED_EDGE ( 'NONE', *, *, #649, .F. ) ;
#1202 =( GEOMETRIC_REPRESENTATION_CONTEXT ( 3 ) GLOBAL_UNCERTAINTY_ASSIGNED_CONTEXT ( ( #166 ) ) GLOBAL_UNIT_ASSIGNED_CONTEXT ( ( #1606, #1352, #547 ) ) REPRESENTATION_CONTEXT ( 'NONE', 'WORKASPACE' ) );
#1203 = CARTESIAN_POINT ( 'NONE',  ( -1.200000000000000178, -0.1000000000000000056, 0.9499999999999999556 ) ) ;
#1204 = EDGE_CURVE ( 'NONE', #1920, #1669, #1735, .T. ) ;
#1205 = VECTOR ( 'NONE', #2133, 1000.000000000000000 ) ;
#1206 = DIRECTION ( 'NONE',  ( 0.000000000000000000, 1.000000000000000000, -0.000000000000000000 ) ) ;
#1207 = CYLINDRICAL_SURFACE ( 'NONE', #823, 0.3199255020153237150 ) ;
#1208 = ORIENTED_EDGE ( 'NONE', *, *, #1703, .T. ) ;
#1209 = SURFACE_SIDE_STYLE ('',( #561 ) ) ;
#1210 = EDGE_CURVE ( 'NONE', #2013, #1133, #1952, .T. ) ;
#1211 = AXIS2_PLACEMENT_3D ( 'NONE', #1651, #942, #2967 ) ;
#1212 =( GEOMETRIC_REPRESENTATION_CONTEXT ( 3 ) GLOBAL_UNCERTAINTY_ASSIGNED_CONTEXT ( ( #229 ) ) GLOBAL_UNIT_ASSIGNED_CONTEXT ( ( #611, #2238, #408 ) ) REPRESENTATION_CONTEXT ( 'NONE', 'WORKASPACE' ) );
#1213 = ORIENTED_EDGE ( 'NONE', *, *, #487, .T. ) ;
#1214 = CARTESIAN_POINT ( 'NONE',  ( 0.6000000000000003109, 0.5600000000000000533, 1.149999999999999467 ) ) ;
#1215 = CARTESIAN_POINT ( 'NONE',  ( 0.000000000000000000, 0.5600000000000000533, -1.149999999999999689 ) ) ;
#1216 = ORIENTED_EDGE ( 'NONE', *, *, #2763, .T. ) ;
#1217 = PRESENTATION_STYLE_ASSIGNMENT (( #1699 ) ) ;
#1218 = EDGE_LOOP ( 'NONE', ( #2317, #784, #1706, #2921 ) ) ;
#1219 = SURFACE_STYLE_USAGE ( .BOTH. , #1418 ) ;
#1220 = CARTESIAN_POINT ( 'NONE',  ( 1.500000000000000000, 0.5800000000000000711, -0.3499999999999999778 ) ) ;
#1221 = ORIENTED_EDGE ( 'NONE', *, *, #845, .T. ) ;
#1222 = STYLED_ITEM ( 'NONE', ( #1274 ), #2651 ) ;
#1223 = DIRECTION ( 'NONE',  ( 0.000000000000000000, -1.000000000000000000, 0.000000000000000000 ) ) ;
#1224 =( GEOMETRIC_REPRESENTATION_CONTEXT ( 3 ) GLOBAL_UNCERTAINTY_ASSIGNED_CONTEXT ( ( #2426 ) ) GLOBAL_UNIT_ASSIGNED_CONTEXT ( ( #2923, #2694, #511 ) ) REPRESENTATION_CONTEXT ( 'NONE', 'WORKASPACE' ) );
#1225 = VECTOR ( 'NONE', #506, 1000.000000000000000 ) ;
#1226 = EDGE_CURVE ( 'NONE', #2929, #1008, #322, .T. ) ;
#1227 = CARTESIAN_POINT ( 'NONE',  ( -0.6000000000000000888, 0.5800000000000000711, 0.3499999999999998113 ) ) ;
#1228 = FILL_AREA_STYLE ('',( #2596 ) ) ;
#1229 = SURFACE_SIDE_STYLE ('',( #2607 ) ) ;
#1230 = ORIENTED_EDGE ( 'NONE', *, *, #10, .F. ) ;
#1231 = VERTEX_POINT ( 'NONE', #357 ) ;
#1232 = CARTESIAN_POINT ( 'NONE',  ( -1.200000000000000178, -0.1000000000000000056, -1.000000000000000000 ) ) ;
#1233 = CARTESIAN_POINT ( 'NONE',  ( 0.000000000000000000, 0.000000000000000000, 0.000000000000000000 ) ) ;
#1234 = SURFACE_STYLE_FILL_AREA ( #765 ) ;
#1235 = EDGE_LOOP ( 'NONE', ( #1532, #743, #1139, #718 ) ) ;
#1236 = CARTESIAN_POINT ( 'NONE',  ( 0.9500000000000000666, -0.09000000000000001055, 0.8250000000000003997 ) ) ;
#1237 = CARTESIAN_POINT ( 'NONE',  ( 1.589761634198785245, 0.2600000000000000644, 1.239761634198784490 ) ) ;
#1238 = ORIENTED_EDGE ( 'NONE', *, *, #2618, .F. ) ;
#1239 =( LENGTH_UNIT ( ) NAMED_UNIT ( * ) SI_UNIT ( .MILLI., .METRE. ) );
#1240 = VERTEX_POINT ( 'NONE', #1247 ) ;
#1241 = DIRECTION ( 'NONE',  ( 0.000000000000000000, -1.000000000000000000, -0.000000000000000000 ) ) ;
#1242 = ORIENTED_EDGE ( 'NONE', *, *, #315, .F. ) ;
#1243 = FACE_OUTER_BOUND ( 'NONE', #2360, .T. ) ;
#1244 = CIRCLE ( 'NONE', #766, 0.1250000000000004441 ) ;
#1245 = EDGE_CURVE ( 'NONE', #1601, #2206, #1478, .T. ) ;
#1246 = AXIS2_PLACEMENT_3D ( 'NONE', #923, #1632, #1854 ) ;
#1247 = CARTESIAN_POINT ( 'NONE',  ( 1.599999999999999867, 0.5800000000000000711, -0.9200000000000000400 ) ) ;
#1248 = VERTEX_POINT ( 'NONE', #1465 ) ;
#1249 = CIRCLE ( 'NONE', #52, 0.2200000000000001399 ) ;
#1250 = UNCERTAINTY_MEASURE_WITH_UNIT (LENGTH_MEASURE( 1.000000000000000082E-05 ), #485, 'distance_accuracy_value', 'NONE');
#1251 = CIRCLE ( 'NONE', #1211, 0.3199255020153238260 ) ;
#1252 = PRESENTATION_STYLE_ASSIGNMENT (( #331 ) ) ;
#1253 = EDGE_CURVE ( 'NONE', #1006, #101, #816, .T. ) ;
#1254 =( NAMED_UNIT ( * ) PLANE_ANGLE_UNIT ( ) SI_UNIT ( $, .RADIAN. ) );
#1255 = ORIENTED_EDGE ( 'NONE', *, *, #754, .F. ) ;
#1256 = LINE ( 'NONE', #299, #1120 ) ;
#1257 = STYLED_ITEM ( 'NONE', ( #1977 ), #1543 ) ;
#1258 = FILL_AREA_STYLE ('',( #1291 ) ) ;
#1259 = EDGE_CURVE ( 'NONE', #991, #101, #341, .T. ) ;
#1260 = UNCERTAINTY_MEASURE_WITH_UNIT (LENGTH_MEASURE( 1.000000000000000082E-05 ), #2500, 'distance_accuracy_value', 'NONE');
#1261 = ORIENTED_EDGE ( 'NONE', *, *, #2486, .T. ) ;
#1262 = SURFACE_STYLE_USAGE ( .BOTH. , #813 ) ;
#1263 = CARTESIAN_POINT ( 'NONE',  ( 0.8000000000000000444, 0.5600000000000000533, 0.3499999999999996447 ) ) ;
#1264 = ADVANCED_FACE ( 'NONE', ( #1059 ), #833, .F. ) ;
#1265 = LINE ( 'NONE', #1512, #2839 ) ;
#1266 = ORIENTED_EDGE ( 'NONE', *, *, #582, .T. ) ;
#1267 = STYLED_ITEM ( 'NONE', ( #1962 ), #2690 ) ;
#1268 = VECTOR ( 'NONE', #2948, 1000.000000000000000 ) ;
#1269 = CARTESIAN_POINT ( 'NONE',  ( 1.282686438414885055, 0.5600000000000000533, -1.149999999999999911 ) ) ;
#1270 = LINE ( 'NONE', #595, #405 ) ;
#1271 = CYLINDRICAL_SURFACE ( 'NONE', #2147, 0.3199255020153238260 ) ;
#1272 = STYLED_ITEM ( 'NONE', ( #32 ), #2927 ) ;
#1273 = AXIS2_PLACEMENT_3D ( 'NONE', #855, #149, #2696 ) ;
#1274 = PRESENTATION_STYLE_ASSIGNMENT (( #1317 ) ) ;
#1275 = ADVANCED_FACE ( 'NONE', ( #430 ), #162, .F. ) ;
#1276 = ORIENTED_EDGE ( 'NONE', *, *, #1284, .T. ) ;
#1277 = SURFACE_STYLE_FILL_AREA ( #393 ) ;
#1278 = APPLICATION_CONTEXT ( 'automotive_design' ) ;
#1279 = CARTESIAN_POINT ( 'NONE',  ( -1.370000000000000107, 0.5800000000000000711, -1.250000000000000222 ) ) ;
#1280 = DIRECTION ( 'NONE',  ( 1.000000000000000000, 0.000000000000000000, -0.000000000000000000 ) ) ;
#1281 = STYLED_ITEM ( 'NONE', ( #1252 ), #160 ) ;
#1282 = DIRECTION ( 'NONE',  ( 2.168404344971008079E-15, -0.000000000000000000, 1.000000000000000000 ) ) ;
#1283 = ORIENTED_EDGE ( 'NONE', *, *, #1559, .T. ) ;
#1284 = EDGE_CURVE ( 'NONE', #2776, #1915, #849, .T. ) ;
#1285 = EDGE_LOOP ( 'NONE', ( #2088, #1056, #1029, #1888 ) ) ;
#1286 = UNCERTAINTY_MEASURE_WITH_UNIT (LENGTH_MEASURE( 1.000000000000000082E-05 ), #1833, 'distance_accuracy_value', 'NONE');
#1287 = SURFACE_STYLE_USAGE ( .BOTH. , #361 ) ;
#1288 = SURFACE_STYLE_USAGE ( .BOTH. , #2917 ) ;
#1289 = FILL_AREA_STYLE ('',( #863 ) ) ;
#1290 = SURFACE_STYLE_FILL_AREA ( #376 ) ;
#1291 = FILL_AREA_STYLE_COLOUR ( '', #1129 ) ;
#1292 = UNCERTAINTY_MEASURE_WITH_UNIT (LENGTH_MEASURE( 1.000000000000000082E-05 ), #27, 'distance_accuracy_value', 'NONE');
#1293 = EDGE_CURVE ( 'NONE', #1452, #1816, #858, .T. ) ;
#1294 = CARTESIAN_POINT ( 'NONE',  ( -1.369999999999999885, 0.5800000000000000711, 1.250000000000000222 ) ) ;
#1295 =( NAMED_UNIT ( * ) SI_UNIT ( $, .STERADIAN. ) SOLID_ANGLE_UNIT ( ) );
#1296 = FACE_OUTER_BOUND ( 'NONE', #292, .T. ) ;
#1297 = SURFACE_SIDE_STYLE ('',( #874 ) ) ;
#1298 = ORIENTED_EDGE ( 'NONE', *, *, #1528, .T. ) ;
#1299 =( LENGTH_UNIT ( ) NAMED_UNIT ( * ) SI_UNIT ( .MILLI., .METRE. ) );
#1300 = AXIS2_PLACEMENT_3D ( 'NONE', #1471, #2820, #94 ) ;
#1301 = CARTESIAN_POINT ( 'NONE',  ( -1.599999999999999423, 0.2600000000000000644, 1.020000000000000018 ) ) ;
#1302 =( LENGTH_UNIT ( ) NAMED_UNIT ( * ) SI_UNIT ( .MILLI., .METRE. ) );
#1303 = ORIENTED_EDGE ( 'NONE', *, *, #563, .T. ) ;
#1304 = ADVANCED_FACE ( 'NONE', ( #1537 ), #1324, .F. ) ;
#1305 = SURFACE_STYLE_FILL_AREA ( #2666 ) ;
#1306 = DIRECTION ( 'NONE',  ( 0.000000000000000000, 0.000000000000000000, 1.000000000000000000 ) ) ;
#1307 = COLOUR_RGB ( '',0.2509803921568627416, 0.2509803921568627416, 0.2509803921568627416 ) ;
#1308 = PRESENTATION_STYLE_ASSIGNMENT (( #2709 ) ) ;
#1309 = CARTESIAN_POINT ( 'NONE',  ( 1.500000000000000000, 0.5600000000000000533, 0.3499999999999994782 ) ) ;
#1310 = FILL_AREA_STYLE_COLOUR ( '', #966 ) ;
#1311 = ORIENTED_EDGE ( 'NONE', *, *, #2358, .T. ) ;
#1312 = UNCERTAINTY_MEASURE_WITH_UNIT (LENGTH_MEASURE( 1.000000000000000082E-05 ), #967, 'distance_accuracy_value', 'NONE');
#1313 = DIRECTION ( 'NONE',  ( 0.000000000000000000, 1.000000000000000000, 0.000000000000000000 ) ) ;
#1314 = SURFACE_SIDE_STYLE ('',( #1290 ) ) ;
#1315 = VERTEX_POINT ( 'NONE', #1170 ) ;
#1316 = FILL_AREA_STYLE_COLOUR ( '', #2524 ) ;
#1317 = SURFACE_STYLE_USAGE ( .BOTH. , #2682 ) ;
#1318 = AXIS2_PLACEMENT_3D ( 'NONE', #1055, #1027, #2214 ) ;
#1319 = SURFACE_STYLE_FILL_AREA ( #147 ) ;
#1320 = EDGE_CURVE ( 'NONE', #101, #803, #2479, .T. ) ;
#1321 = COLOUR_RGB ( '',0.2509803921568627416, 0.2509803921568627416, 0.2509803921568627416 ) ;
#1322 = SURFACE_STYLE_FILL_AREA ( #185 ) ;
#1323 = CARTESIAN_POINT ( 'NONE',  ( -1.589761634198785467, 0.5800000000000000711, -0.9198361321834607196 ) ) ;
#1324 = PLANE ( 'NONE',  #2941 ) ;
#1325 = ORIENTED_EDGE ( 'NONE', *, *, #1210, .T. ) ;
#1326 = CARTESIAN_POINT ( 'NONE',  ( 1.282686438414885277, 0.5800000000000000711, 1.149999999999999467 ) ) ;
#1327 = SURFACE_STYLE_USAGE ( .BOTH. , #1539 ) ;
#1328 = MECHANICAL_DESIGN_GEOMETRIC_PRESENTATION_REPRESENTATION (  '', ( #1281 ), #2867 ) ;
#1329 =( NAMED_UNIT ( * ) SI_UNIT ( $, .STERADIAN. ) SOLID_ANGLE_UNIT ( ) );
#1330 = LINE ( 'NONE', #2310, #1886 ) ;
#1331 = FACE_OUTER_BOUND ( 'NONE', #437, .T. ) ;
#1332 = ORIENTED_EDGE ( 'NONE', *, *, #463, .F. ) ;
#1333 = PRESENTATION_STYLE_ASSIGNMENT (( #581 ) ) ;
#1334 = CARTESIAN_POINT ( 'NONE',  ( -1.282686438414885055, 0.5800000000000000711, -1.149999999999999689 ) ) ;
#1335 = FILL_AREA_STYLE_COLOUR ( '', #1321 ) ;
#1336 = SURFACE_STYLE_FILL_AREA ( #2978 ) ;
#1337 = EDGE_CURVE ( 'NONE', #1579, #1698, #2110, .T. ) ;
#1338 = CARTESIAN_POINT ( 'NONE',  ( 1.599999999999999867, 0.2600000000000000644, 1.019999999999999574 ) ) ;
#1339 = ORIENTED_EDGE ( 'NONE', *, *, #2290, .F. ) ;
#1340 = FILL_AREA_STYLE ('',( #416 ) ) ;
#1341 = EDGE_CURVE ( 'NONE', #1033, #2817, #468, .T. ) ;
#1342 =( GEOMETRIC_REPRESENTATION_CONTEXT ( 3 ) GLOBAL_UNCERTAINTY_ASSIGNED_CONTEXT ( ( #107 ) ) GLOBAL_UNIT_ASSIGNED_CONTEXT ( ( #1875, #512, #278 ) ) REPRESENTATION_CONTEXT ( 'NONE', 'WORKASPACE' ) );
#1343 = AXIS2_PLACEMENT_3D ( 'NONE', #608, #2454, #419 ) ;
#1344 = ORIENTED_EDGE ( 'NONE', *, *, #2480, .T. ) ;
#1345 = AXIS2_PLACEMENT_3D ( 'NONE', #2706, #2089, #2337 ) ;
#1346 =( BOUNDED_CURVE ( )  B_SPLINE_CURVE ( 3, ( #2249, #2650, #1759, #1533 ),
 .UNSPECIFIED., .F., .T. ) 
 B_SPLINE_CURVE_WITH_KNOTS ( ( 4, 4 ),
 ( 1.570796326794896558, 3.141592653589793116 ),
 .UNSPECIFIED. ) 
 CURVE ( )  GEOMETRIC_REPRESENTATION_ITEM ( )  RATIONAL_B_SPLINE_CURVE ( ( 1.000000000000000000, 0.8047378541243649375, 0.8047378541243649375, 1.000000000000000000 ) ) 
 REPRESENTATION_ITEM ( '' )  );
#1347 = VERTEX_POINT ( 'NONE', #488 ) ;
#1348 = DIRECTION ( 'NONE',  ( 1.000000000000000000, -0.000000000000000000, 2.168404344971008079E-15 ) ) ;
#1349 = CARTESIAN_POINT ( 'NONE',  ( 1.500000000000000222, 0.5800000000000000711, 0.9326864384148845222 ) ) ;
#1350 = VECTOR ( 'NONE', #363, 1000.000000000000000 ) ;
#1351 = MECHANICAL_DESIGN_GEOMETRIC_PRESENTATION_REPRESENTATION (  '', ( #818 ), #1195 ) ;
#1352 =( NAMED_UNIT ( * ) PLANE_ANGLE_UNIT ( ) SI_UNIT ( $, .RADIAN. ) );
#1353 = CARTESIAN_POINT ( 'NONE',  ( 1.589761634198785245, 0.5800000000000000711, 1.239761634198784490 ) ) ;
#1354 = VECTOR ( 'NONE', #689, 1000.000000000000000 ) ;
#1355 =( LENGTH_UNIT ( ) NAMED_UNIT ( * ) SI_UNIT ( .MILLI., .METRE. ) );
#1356 =( NAMED_UNIT ( * ) SI_UNIT ( $, .STERADIAN. ) SOLID_ANGLE_UNIT ( ) );
#1357 = ORIENTED_EDGE ( 'NONE', *, *, #574, .F. ) ;
#1358 = CARTESIAN_POINT ( 'NONE',  ( 1.600000000000000089, 0.000000000000000000, 1.000000000000000000 ) ) ;
#1359 = STYLED_ITEM ( 'NONE', ( #502 ), #1798 ) ;
#1360 = EDGE_CURVE ( 'NONE', #1315, #2606, #1611, .T. ) ;
#1361 = ORIENTED_EDGE ( 'NONE', *, *, #2358, .F. ) ;
#1362 = UNCERTAINTY_MEASURE_WITH_UNIT (LENGTH_MEASURE( 1.000000000000000082E-05 ), #1432, 'distance_accuracy_value', 'NONE');
#1363 = FACE_OUTER_BOUND ( 'NONE', #336, .T. ) ;
#1364 =( LENGTH_UNIT ( ) NAMED_UNIT ( * ) SI_UNIT ( .MILLI., .METRE. ) );
#1365 = ORIENTED_EDGE ( 'NONE', *, *, #1641, .F. ) ;
#1366 = DIRECTION ( 'NONE',  ( 0.000000000000000000, 0.000000000000000000, -1.000000000000000000 ) ) ;
#1367 = CARTESIAN_POINT ( 'NONE',  ( 0.000000000000000000, 0.5600000000000000533, 1.250000000000000000 ) ) ;
#1369 =( NAMED_UNIT ( * ) SI_UNIT ( $, .STERADIAN. ) SOLID_ANGLE_UNIT ( ) );
#1368 = CARTESIAN_POINT ( 'NONE',  ( 0.5999999999999999778, 0.5600000000000000533, -1.149999999999999911 ) ) ;
#1370 = CIRCLE ( 'NONE', #841, 0.2500000000000000000 ) ;
#1371 = FACE_OUTER_BOUND ( 'NONE', #1037, .T. ) ;
#1372 = STYLED_ITEM ( 'NONE', ( #2878 ), #2788 ) ;
#1373 = COLOUR_RGB ( '',0.9686274509803921573, 0.8784313725490195957, 0.5999999999999999778 ) ;
#1374 = FILL_AREA_STYLE ('',( #946 ) ) ;
#1375 = ORIENTED_EDGE ( 'NONE', *, *, #2091, .T. ) ;
#1376 = COLOUR_RGB ( '',0.9686274509803921573, 0.8784313725490195957, 0.5999999999999999778 ) ;
#1377 = CARTESIAN_POINT ( 'NONE',  ( -1.250000000000000000, -0.02071067811865475936, 1.000000000000000000 ) ) ;
#1378 = VECTOR ( 'NONE', #2166, 1000.000000000000000 ) ;
#1379 = ORIENTED_EDGE ( 'NONE', *, *, #1708, .T. ) ;
#1380 = APPLICATION_CONTEXT ( 'automotive_design' ) ;
#1381 = VECTOR ( 'NONE', #2819, 1000.000000000000000 ) ;
#1382 = DIRECTION ( 'NONE',  ( -1.000000000000000000, 0.000000000000000000, 0.000000000000000000 ) ) ;
#1383 = DIRECTION ( 'NONE',  ( 3.721391475782141034E-16, 0.000000000000000000, 1.000000000000000000 ) ) ;
#1384 = DIRECTION ( 'NONE',  ( -0.000000000000000000, -1.000000000000000000, -0.000000000000000000 ) ) ;
#1385 = CARTESIAN_POINT ( 'NONE',  ( -0.5999999999999999778, 0.5600000000000000533, -0.3500000000000001443 ) ) ;
#1386 = DIRECTION ( 'NONE',  ( -0.000000000000000000, -1.000000000000000000, -0.000000000000000000 ) ) ;
#1387 = FILL_AREA_STYLE_COLOUR ( '', #692 ) ;
#1388 = LINE ( 'NONE', #2513, #2122 ) ;
#1389 =( LENGTH_UNIT ( ) NAMED_UNIT ( * ) SI_UNIT ( .MILLI., .METRE. ) );
#1390 = ORIENTED_EDGE ( 'NONE', *, *, #1599, .F. ) ;
#1391 = DIRECTION ( 'NONE',  ( 0.000000000000000000, 1.000000000000000000, 0.000000000000000000 ) ) ;
#1392 = EDGE_CURVE ( 'NONE', #1487, #1640, #441, .T. ) ;
#1393 = ORIENTED_EDGE ( 'NONE', *, *, #1360, .T. ) ;
#1394 = CIRCLE ( 'NONE', #1343, 0.3199255020153238260 ) ;
#1395 =( NAMED_UNIT ( * ) PLANE_ANGLE_UNIT ( ) SI_UNIT ( $, .RADIAN. ) );
#1396 = CARTESIAN_POINT ( 'NONE',  ( 0.000000000000000000, 0.5600000000000000533, -1.149999999999999911 ) ) ;
#1397 = VECTOR ( 'NONE', #2080, 1000.000000000000000 ) ;
#1398 = EDGE_CURVE ( 'NONE', #2165, #109, #1497, .T. ) ;
#1399 = CARTESIAN_POINT ( 'NONE',  ( -0.6000000000000000888, 0.2600000000000000644, 1.149999999999999689 ) ) ;
#1400 = PRESENTATION_STYLE_ASSIGNMENT (( #703 ) ) ;
#1401 = VECTOR ( 'NONE', #540, 1000.000000000000000 ) ;
#1402 = FILL_AREA_STYLE ('',( #1200 ) ) ;
#1403 = ORIENTED_EDGE ( 'NONE', *, *, #641, .F. ) ;
#1404 =( LENGTH_UNIT ( ) NAMED_UNIT ( * ) SI_UNIT ( .MILLI., .METRE. ) );
#1405 = EDGE_LOOP ( 'NONE', ( #999, #2410, #1672, #2896, #2037 ) ) ;
#1406 = MECHANICAL_DESIGN_GEOMETRIC_PRESENTATION_REPRESENTATION (  '', ( #637 ), #920 ) ;
#1407 = CARTESIAN_POINT ( 'NONE',  ( -1.250000000000000000, -0.05000000000000000278, 0.9499999999999999556 ) ) ;
#1408 = SURFACE_STYLE_USAGE ( .BOTH. , #1664 ) ;
#1409 = ADVANCED_FACE ( 'NONE', ( #2786 ), #1655, .T. ) ;
#1410 = FILL_AREA_STYLE ('',( #481 ) ) ;
#1411 = CARTESIAN_POINT ( 'NONE',  ( 0.5749999999999999556, 0.5600000000000000533, 0.5749999999999997335 ) ) ;
#1412 = SURFACE_SIDE_STYLE ('',( #2267 ) ) ;
#1413 = EDGE_CURVE ( 'NONE', #460, #803, #2567, .T. ) ;
#1414 = DIRECTION ( 'NONE',  ( 0.000000000000000000, 1.000000000000000000, 0.000000000000000000 ) ) ;
#1415 = AXIS2_PLACEMENT_3D ( 'NONE', #8, #457, #2072 ) ;
#1416 = CARTESIAN_POINT ( 'NONE',  ( 1.589761634198785023, 0.5600000000000000533, -1.239761634198784934 ) ) ;
#1417 = EDGE_LOOP ( 'NONE', ( #2098, #2555, #2848, #2125 ) ) ;
#1418 = SURFACE_SIDE_STYLE ('',( #2637 ) ) ;
#1419 =( NAMED_UNIT ( * ) SI_UNIT ( $, .STERADIAN. ) SOLID_ANGLE_UNIT ( ) );
#1420 = COLOUR_RGB ( '',0.2509803921568627416, 0.2509803921568627416, 0.2509803921568627416 ) ;
#1421 = EDGE_LOOP ( 'NONE', ( #2515, #1379, #2060, #793 ) ) ;
#1422 = STYLED_ITEM ( 'NONE', ( #479 ), #2028 ) ;
#1423 =( GEOMETRIC_REPRESENTATION_CONTEXT ( 3 ) GLOBAL_UNCERTAINTY_ASSIGNED_CONTEXT ( ( #1624 ) ) GLOBAL_UNIT_ASSIGNED_CONTEXT ( ( #173, #2021, #1792 ) ) REPRESENTATION_CONTEXT ( 'NONE', 'WORKASPACE' ) );
#1425 = SURFACE_SIDE_STYLE ('',( #495 ) ) ;
#1424 = DIRECTION ( 'NONE',  ( 0.000000000000000000, 1.000000000000000000, 0.000000000000000000 ) ) ;
#1426 = EDGE_CURVE ( 'NONE', #158, #1231, #2893, .T. ) ;
#1427 =( LENGTH_UNIT ( ) NAMED_UNIT ( * ) SI_UNIT ( .MILLI., .METRE. ) );
#1428 = ORIENTED_EDGE ( 'NONE', *, *, #2068, .T. ) ;
#1429 = CARTESIAN_POINT ( 'NONE',  ( 1.589761634198785023, 0.2600000000000000644, -1.239761634198784934 ) ) ;
#1430 = FACE_OUTER_BOUND ( 'NONE', #1417, .T. ) ;
#1431 = VERTEX_POINT ( 'NONE', #705 ) ;
#1432 =( LENGTH_UNIT ( ) NAMED_UNIT ( * ) SI_UNIT ( .MILLI., .METRE. ) );
#1433 = CARTESIAN_POINT ( 'NONE',  ( 1.600000000000000089, 0.000000000000000000, -1.250000000000000000 ) ) ;
#1434 = CARTESIAN_POINT ( 'NONE',  ( 1.282686438414885055, 0.5800000000000000711, -1.149999999999999911 ) ) ;
#1435 = ORIENTED_EDGE ( 'NONE', *, *, #1796, .F. ) ;
#1436 =( NAMED_UNIT ( * ) SI_UNIT ( $, .STERADIAN. ) SOLID_ANGLE_UNIT ( ) );
#1437 = SURFACE_STYLE_FILL_AREA ( #1898 ) ;
#1438 = DIRECTION ( 'NONE',  ( 1.000000000000000000, 0.000000000000000000, 0.000000000000000000 ) ) ;
#1439 = DIRECTION ( 'NONE',  ( 0.000000000000000000, 0.000000000000000000, 1.000000000000000000 ) ) ;
#1440 = CARTESIAN_POINT ( 'NONE',  ( 1.282686438414885277, 0.5600000000000000533, 1.149999999999999467 ) ) ;
#1441 = VECTOR ( 'NONE', #2438, 1000.000000000000000 ) ;
#1442 = LINE ( 'NONE', #79, #2123 ) ;
#1443 = DIRECTION ( 'NONE',  ( 1.000000000000000000, -0.000000000000000000, 0.000000000000000000 ) ) ;
#1444 = DIRECTION ( 'NONE',  ( 0.000000000000000000, 1.000000000000000000, 0.000000000000000000 ) ) ;
#1445 = AXIS2_PLACEMENT_3D ( 'NONE', #209, #2032, #1591 ) ;
#1446 = ADVANCED_FACE ( 'NONE', ( #1430 ), #2362, .F. ) ;
#1447 = ORIENTED_EDGE ( 'NONE', *, *, #667, .F. ) ;
#1448 = CARTESIAN_POINT ( 'NONE',  ( -1.599999999999999867, 0.5800000000000000711, -0.9199999999999998179 ) ) ;
#1449 = ORIENTED_EDGE ( 'NONE', *, *, #563, .F. ) ;
#1450 = DIRECTION ( 'NONE',  ( 0.000000000000000000, -1.000000000000000000, 0.000000000000000000 ) ) ;
#1451 = DIRECTION ( 'NONE',  ( 0.000000000000000000, 0.000000000000000000, -1.000000000000000000 ) ) ;
#1452 = VERTEX_POINT ( 'NONE', #1007 ) ;
#1453 = PLANE ( 'NONE',  #1039 ) ;
#1454 =( GEOMETRIC_REPRESENTATION_CONTEXT ( 3 ) GLOBAL_UNCERTAINTY_ASSIGNED_CONTEXT ( ( #676 ) ) GLOBAL_UNIT_ASSIGNED_CONTEXT ( ( #1389, #2530, #733 ) ) REPRESENTATION_CONTEXT ( 'NONE', 'WORKASPACE' ) );
#1455 = EDGE_CURVE ( 'NONE', #2335, #1589, #1731, .T. ) ;
#1456 = FACE_OUTER_BOUND ( 'NONE', #66, .T. ) ;
#1457 = VERTEX_POINT ( 'NONE', #780 ) ;
#1458 = CARTESIAN_POINT ( 'NONE',  ( 0.000000000000000000, 0.5600000000000000533, -1.250000000000000000 ) ) ;
#1459 = FACE_OUTER_BOUND ( 'NONE', #2972, .T. ) ;
#1460 = ORIENTED_EDGE ( 'NONE', *, *, #2342, .F. ) ;
#1461 = PRESENTATION_STYLE_ASSIGNMENT (( #1262 ) ) ;
#1462 = ORIENTED_EDGE ( 'NONE', *, *, #249, .T. ) ;
#1463 = FACE_OUTER_BOUND ( 'NONE', #1405, .T. ) ;
#1464 = SURFACE_STYLE_FILL_AREA ( #2828 ) ;
#1465 = CARTESIAN_POINT ( 'NONE',  ( 1.350000000000000089, 0.2600000000000000644, 1.250000000000000000 ) ) ;
#1466 = ORIENTED_EDGE ( 'NONE', *, *, #1293, .T. ) ;
#1467 = MECHANICAL_DESIGN_GEOMETRIC_PRESENTATION_REPRESENTATION (  '', ( #1222 ), #737 ) ;
#1468 = LINE ( 'NONE', #2403, #1084 ) ;
#1469 =( GEOMETRIC_REPRESENTATION_CONTEXT ( 3 ) GLOBAL_UNCERTAINTY_ASSIGNED_CONTEXT ( ( #2652 ) ) GLOBAL_UNIT_ASSIGNED_CONTEXT ( ( #277, #2420, #1000 ) ) REPRESENTATION_CONTEXT ( 'NONE', 'WORKASPACE' ) );
#1470 = AXIS2_PLACEMENT_3D ( 'NONE', #2925, #2503, #2263 ) ;
#1471 = CARTESIAN_POINT ( 'NONE',  ( 1.589761634198785023, 0.2600000000000000644, -1.239761634198784934 ) ) ;
#1472 = ORIENTED_EDGE ( 'NONE', *, *, #754, .T. ) ;
#1473 = DIRECTION ( 'NONE',  ( 0.000000000000000000, 1.000000000000000000, 0.000000000000000000 ) ) ;
#1474 = VERTEX_POINT ( 'NONE', #1947 ) ;
#1475 = LINE ( 'NONE', #1929, #2433 ) ;
#1476 = ORIENTED_EDGE ( 'NONE', *, *, #1710, .T. ) ;
#1477 = CARTESIAN_POINT ( 'NONE',  ( 1.500000000000000000, 0.5800000000000000711, -0.3499999999999999778 ) ) ;
#1478 = LINE ( 'NONE', #802, #1401 ) ;
#1479 = ORIENTED_EDGE ( 'NONE', *, *, #1528, .F. ) ;
#1480 = CARTESIAN_POINT ( 'NONE',  ( -1.589761634198784801, 0.2600000000000000644, 1.239761634198784934 ) ) ;
#1481 = ADVANCED_FACE ( 'NONE', ( #747 ), #760, .T. ) ;
#1482 = DIRECTION ( 'NONE',  ( 0.000000000000000000, 0.000000000000000000, -1.000000000000000000 ) ) ;
#1483 = CARTESIAN_POINT ( 'NONE',  ( -1.589761634198784801, 0.5800000000000000711, 1.239761634198784934 ) ) ;
#1484 = VERTEX_POINT ( 'NONE', #1448 ) ;
#1485 = SURFACE_SIDE_STYLE ('',( #159 ) ) ;
#1486 = STYLED_ITEM ( 'NONE', ( #49 ), #311 ) ;
#1487 = VERTEX_POINT ( 'NONE', #996 ) ;
#1488 = DIRECTION ( 'NONE',  ( 1.000000000000000000, 0.000000000000000000, -4.336808689942016158E-15 ) ) ;
#1489 = CARTESIAN_POINT ( 'NONE',  ( 1.350000000000000089, 0.5600000000000000533, 1.250000000000000000 ) ) ;
#1490 = SURFACE_STYLE_USAGE ( .BOTH. , #290 ) ;
#1491 = DIRECTION ( 'NONE',  ( 0.000000000000000000, -0.000000000000000000, 1.000000000000000000 ) ) ;
#1492 = CIRCLE ( 'NONE', #2421, 0.2499999999999997780 ) ;
#1493 = VECTOR ( 'NONE', #2795, 1000.000000000000000 ) ;
#1494 = UNCERTAINTY_MEASURE_WITH_UNIT (LENGTH_MEASURE( 1.000000000000000082E-05 ), #1776, 'distance_accuracy_value', 'NONE');
#1495 = ORIENTED_EDGE ( 'NONE', *, *, #2580, .F. ) ;
#1496 = LINE ( 'NONE', #77, #2956 ) ;
#1497 = CIRCLE ( 'NONE', #1597, 0.3199255020153238260 ) ;
#1498 = UNCERTAINTY_MEASURE_WITH_UNIT (LENGTH_MEASURE( 1.000000000000000082E-05 ), #1035, 'distance_accuracy_value', 'NONE');
#1499 = EDGE_CURVE ( 'NONE', #536, #2568, #1475, .T. ) ;
#1500 = VECTOR ( 'NONE', #702, 1000.000000000000000 ) ;
#1501 = FILL_AREA_STYLE_COLOUR ( '', #2269 ) ;
#1502 = SURFACE_STYLE_FILL_AREA ( #1726 ) ;
#1503 = CARTESIAN_POINT ( 'NONE',  ( -1.589761634198784801, 0.2600000000000000644, 1.239761634198784934 ) ) ;
#1504 = VECTOR ( 'NONE', #1473, 1000.000000000000000 ) ;
#1505 = CARTESIAN_POINT ( 'NONE',  ( -1.350000000000000311, 0.2600000000000000644, -1.250000000000000000 ) ) ;
#1506 = VERTEX_POINT ( 'NONE', #352 ) ;
#1507 = DIRECTION ( 'NONE',  ( -3.721391475782141034E-16, 0.000000000000000000, -1.000000000000000000 ) ) ;
#1508 = CARTESIAN_POINT ( 'NONE',  ( -1.282686438414885055, 0.5600000000000000533, -1.149999999999999689 ) ) ;
#1509 = EDGE_CURVE ( 'NONE', #2298, #15, #1163, .T. ) ;
#1510 = SURFACE_SIDE_STYLE ('',( #1524 ) ) ;
#1511 = CARTESIAN_POINT ( 'NONE',  ( 0.6000000000000003109, 0.2600000000000000644, 1.149999999999999467 ) ) ;
#1512 = CARTESIAN_POINT ( 'NONE',  ( 1.250000000000000000, -0.05000000000000000278, -1.000000000000000000 ) ) ;
#1513 = ORIENTED_EDGE ( 'NONE', *, *, #2223, .F. ) ;
#1514 = EDGE_CURVE ( 'NONE', #460, #2468, #58, .T. ) ;
#1515 = DIRECTION ( 'NONE',  ( -1.000000000000000000, 0.000000000000000000, 0.000000000000000000 ) ) ;
#1516 = SURFACE_STYLE_USAGE ( .BOTH. , #2903 ) ;
#1517 = PRESENTATION_STYLE_ASSIGNMENT (( #1973 ) ) ;
#1518 =( NAMED_UNIT ( * ) PLANE_ANGLE_UNIT ( ) SI_UNIT ( $, .RADIAN. ) );
#1519 = MECHANICAL_DESIGN_GEOMETRIC_PRESENTATION_REPRESENTATION (  '', ( #1041 ), #2099 ) ;
#1520 = COLOUR_RGB ( '',0.9686274509803921573, 0.8784313725490195957, 0.5999999999999999778 ) ;
#1521 = DIRECTION ( 'NONE',  ( 2.168404344971008079E-15, -0.000000000000000000, 1.000000000000000000 ) ) ;
#1522 = DIRECTION ( 'NONE',  ( 1.000000000000000000, 0.000000000000000000, -4.336808689942016158E-15 ) ) ;
#1523 = CARTESIAN_POINT ( 'NONE',  ( 1.589761634198785023, 0.5800000000000000711, -1.239761634198784934 ) ) ;
#1524 = SURFACE_STYLE_FILL_AREA ( #586 ) ;
#1525 = COLOUR_RGB ( '',0.9686274509803921573, 0.8784313725490195957, 0.5999999999999999778 ) ;
#1526 = DIRECTION ( 'NONE',  ( 1.000000000000000000, 0.000000000000000000, 0.000000000000000000 ) ) ;
#1527 = ORIENTED_EDGE ( 'NONE', *, *, #2388, .F. ) ;
#1528 = EDGE_CURVE ( 'NONE', #1008, #2840, #417, .T. ) ;
#1529 = UNCERTAINTY_MEASURE_WITH_UNIT (LENGTH_MEASURE( 1.000000000000000082E-05 ), #2220, 'distance_accuracy_value', 'NONE');
#1530 = CARTESIAN_POINT ( 'NONE',  ( -1.599999999999999645, 0.5800000000000000711, -1.019999999999999574 ) ) ;
#1531 = ORIENTED_EDGE ( 'NONE', *, *, #1426, .F. ) ;
#1532 = ORIENTED_EDGE ( 'NONE', *, *, #141, .F. ) ;
#1533 = CARTESIAN_POINT ( 'NONE',  ( 1.250000000000000000, -0.05000000000000000278, 1.000000000000000000 ) ) ;
#1534 = CARTESIAN_POINT ( 'NONE',  ( -1.589761634198785467, 0.2600000000000000644, -1.239761634198784490 ) ) ;
#1535 = PRESENTATION_STYLE_ASSIGNMENT (( #175 ) ) ;
#1536 = STYLED_ITEM ( 'NONE', ( #1755 ), #242 ) ;
#1537 = FACE_OUTER_BOUND ( 'NONE', #2180, .T. ) ;
#1538 = ORIENTED_EDGE ( 'NONE', *, *, #913, .T. ) ;
#1539 = SURFACE_SIDE_STYLE ('',( #860 ) ) ;
#1540 = STYLED_ITEM ( 'NONE', ( #907 ), #557 ) ;
#1541 = ORIENTED_EDGE ( 'NONE', *, *, #1945, .F. ) ;
#1542 = AXIS2_PLACEMENT_3D ( 'NONE', #564, #2422, #332 ) ;
#1543 = ADVANCED_FACE ( 'NONE', ( #2379 ), #2889, .F. ) ;
#1544 = STYLED_ITEM ( 'NONE', ( #2876 ), #1185 ) ;
#1545 = DIRECTION ( 'NONE',  ( -0.000000000000000000, -0.000000000000000000, 1.000000000000000000 ) ) ;
#1546 =( LENGTH_UNIT ( ) NAMED_UNIT ( * ) SI_UNIT ( .MILLI., .METRE. ) );
#1547 =( NAMED_UNIT ( * ) PLANE_ANGLE_UNIT ( ) SI_UNIT ( $, .RADIAN. ) );
#1548 = ORIENTED_EDGE ( 'NONE', *, *, #2603, .T. ) ;
#1549 =( GEOMETRIC_REPRESENTATION_CONTEXT ( 3 ) GLOBAL_UNCERTAINTY_ASSIGNED_CONTEXT ( ( #1132 ) ) GLOBAL_UNIT_ASSIGNED_CONTEXT ( ( #517, #535, #554 ) ) REPRESENTATION_CONTEXT ( 'NONE', 'WORKASPACE' ) );
#1550 = MECHANICAL_DESIGN_GEOMETRIC_PRESENTATION_REPRESENTATION (  '', ( #968 ), #1844 ) ;
#1551 = SURFACE_STYLE_USAGE ( .BOTH. , #412 ) ;
#1552 = CARTESIAN_POINT ( 'NONE',  ( 1.270000000000000018, 0.2600000000000000644, -1.250000000000000000 ) ) ;
#1553 =( NAMED_UNIT ( * ) SI_UNIT ( $, .STERADIAN. ) SOLID_ANGLE_UNIT ( ) );
#1554 = ORIENTED_EDGE ( 'NONE', *, *, #2084, .F. ) ;
#1555 = FILL_AREA_STYLE ('',( #2930 ) ) ;
#1556 = SURFACE_STYLE_USAGE ( .BOTH. , #906 ) ;
#1557 = AXIS2_PLACEMENT_3D ( 'NONE', #2698, #151, #2009 ) ;
#1558 = SURFACE_SIDE_STYLE ('',( #2483 ) ) ;
#1559 = EDGE_CURVE ( 'NONE', #1248, #2363, #2697, .T. ) ;
#1560 = CARTESIAN_POINT ( 'NONE',  ( 1.600000000000000089, 0.5600000000000000533, -1.250000000000000000 ) ) ;
#1561 = ORIENTED_EDGE ( 'NONE', *, *, #994, .F. ) ;
#1562 = FILL_AREA_STYLE ('',( #1316 ) ) ;
#1563 = PRESENTATION_LAYER_ASSIGNMENT (  '', '', ( #2446 ) ) ;
#1564 = FILL_AREA_STYLE_COLOUR ( '', #1013 ) ;
#1565 = PRESENTATION_LAYER_ASSIGNMENT (  '', '', ( #2097 ) ) ;
#1566 = VECTOR ( 'NONE', #1522, 1000.000000000000000 ) ;
#1567 = PRESENTATION_STYLE_ASSIGNMENT (( #1086 ) ) ;
#1568 = ADVANCED_FACE ( 'NONE', ( #643 ), #2218, .T. ) ;
#1569 = STYLED_ITEM ( 'NONE', ( #1535 ), #2333 ) ;
#1570 =( LENGTH_UNIT ( ) NAMED_UNIT ( * ) SI_UNIT ( .MILLI., .METRE. ) );
#1571 = ORIENTED_EDGE ( 'NONE', *, *, #2250, .F. ) ;
#1572 = FACE_OUTER_BOUND ( 'NONE', #2355, .T. ) ;
#1573 = FILL_AREA_STYLE ('',( #359 ) ) ;
#1574 = AXIS2_PLACEMENT_3D ( 'NONE', #1560, #2920, #2496 ) ;
#1575 = ORIENTED_EDGE ( 'NONE', *, *, #2603, .F. ) ;
#1576 = CARTESIAN_POINT ( 'NONE',  ( 1.500000000000000000, 0.5800000000000000711, -0.9326864384148849663 ) ) ;
#1577 =( LENGTH_UNIT ( ) NAMED_UNIT ( * ) SI_UNIT ( .MILLI., .METRE. ) );
#1578 = DIRECTION ( 'NONE',  ( -1.000000000000000000, 0.000000000000000000, 3.721391475782141034E-16 ) ) ;
#1579 = VERTEX_POINT ( 'NONE', #844 ) ;
#1580 = CARTESIAN_POINT ( 'NONE',  ( 1.589761634198785023, 0.5600000000000000533, -1.239761634198784934 ) ) ;
#1581 =( NAMED_UNIT ( * ) SI_UNIT ( $, .STERADIAN. ) SOLID_ANGLE_UNIT ( ) );
#1582 = ORIENTED_EDGE ( 'NONE', *, *, #2264, .F. ) ;
#1583 = SURFACE_STYLE_USAGE ( .BOTH. , #1840 ) ;
#1584 = SURFACE_SIDE_STYLE ('',( #2286 ) ) ;
#1585 = EDGE_CURVE ( 'NONE', #76, #276, #1115, .T. ) ;
#1586 = UNCERTAINTY_MEASURE_WITH_UNIT (LENGTH_MEASURE( 1.000000000000000082E-05 ), #628, 'distance_accuracy_value', 'NONE');
#1587 = ORIENTED_EDGE ( 'NONE', *, *, #1455, .F. ) ;
#1588 = PRESENTATION_LAYER_ASSIGNMENT (  '', '', ( #1486 ) ) ;
#1589 = VERTEX_POINT ( 'NONE', #1309 ) ;
#1590 =( GEOMETRIC_REPRESENTATION_CONTEXT ( 3 ) GLOBAL_UNCERTAINTY_ASSIGNED_CONTEXT ( ( #2481 ) ) GLOBAL_UNIT_ASSIGNED_CONTEXT ( ( #1165, #1122, #2340 ) ) REPRESENTATION_CONTEXT ( 'NONE', 'WORKASPACE' ) );
#1591 = DIRECTION ( 'NONE',  ( 1.000000000000000000, 0.000000000000000000, -6.023345402697246965E-16 ) ) ;
#1592 = AXIS2_PLACEMENT_3D ( 'NONE', #1399, #216, #1142 ) ;
#1593 = ORIENTED_EDGE ( 'NONE', *, *, #1993, .T. ) ;
#1594 = FILL_AREA_STYLE ('',( #2067 ) ) ;
#1595 = AXIS2_PLACEMENT_3D ( 'NONE', #2639, #1491, #1617 ) ;
#1596 = LINE ( 'NONE', #2527, #1642 ) ;
#1597 = AXIS2_PLACEMENT_3D ( 'NONE', #1416, #459, #30 ) ;
#1598 = CARTESIAN_POINT ( 'NONE',  ( -1.200000000000000178, -0.1000000000000000056, -0.9499999999999999556 ) ) ;
#1599 = EDGE_CURVE ( 'NONE', #560, #2140, #1994, .T. ) ;
#1600 = DIRECTION ( 'NONE',  ( 0.000000000000000000, 0.000000000000000000, -1.000000000000000000 ) ) ;
#1601 = VERTEX_POINT ( 'NONE', #2710 ) ;
#1602 = DIRECTION ( 'NONE',  ( 0.000000000000000000, 0.000000000000000000, -1.000000000000000000 ) ) ;
#1603 = EDGE_LOOP ( 'NONE', ( #1201, #1466, #1238, #1873 ) ) ;
#1604 = SURFACE_SIDE_STYLE ('',( #683 ) ) ;
#1605 = CARTESIAN_POINT ( 'NONE',  ( 1.500000000000000000, 0.5800000000000000711, 0.3499999999999994782 ) ) ;
#1606 =( LENGTH_UNIT ( ) NAMED_UNIT ( * ) SI_UNIT ( .MILLI., .METRE. ) );
#1607 = VECTOR ( 'NONE', #364, 1000.000000000000000 ) ;
#1608 = ADVANCED_FACE ( 'NONE', ( #2239 ), #1087, .T. ) ;
#1609 =( GEOMETRIC_REPRESENTATION_CONTEXT ( 3 ) GLOBAL_UNCERTAINTY_ASSIGNED_CONTEXT ( ( #1964 ) ) GLOBAL_UNIT_ASSIGNED_CONTEXT ( ( #2730, #409, #1581 ) ) REPRESENTATION_CONTEXT ( 'NONE', 'WORKASPACE' ) );
#1610 =( GEOMETRIC_REPRESENTATION_CONTEXT ( 3 ) GLOBAL_UNCERTAINTY_ASSIGNED_CONTEXT ( ( #1870 ) ) GLOBAL_UNIT_ASSIGNED_CONTEXT ( ( #2905, #1518, #2768 ) ) REPRESENTATION_CONTEXT ( 'NONE', 'WORKASPACE' ) );
#1611 = LINE ( 'NONE', #926, #54 ) ;
#1612 = ORIENTED_EDGE ( 'NONE', *, *, #2279, .T. ) ;
#1613 = FACE_OUTER_BOUND ( 'NONE', #2163, .T. ) ;
#1614 = AXIS2_PLACEMENT_3D ( 'NONE', #1523, #2445, #2219 ) ;
#1615 = PRODUCT_RELATED_PRODUCT_CATEGORY ( 'part', '', ( #2437 ) ) ;
#1616 = ORIENTED_EDGE ( 'NONE', *, *, #1210, .F. ) ;
#1617 = DIRECTION ( 'NONE',  ( 1.000000000000000000, 0.000000000000000000, -0.000000000000000000 ) ) ;
#1618 = EDGE_CURVE ( 'NONE', #2111, #501, #2085, .T. ) ;
#1619 = FACE_OUTER_BOUND ( 'NONE', #1872, .T. ) ;
#1620 = CARTESIAN_POINT ( 'NONE',  ( -1.500000000000000000, 0.2600000000000000644, 0.3499999999999998113 ) ) ;
#1621 =( NAMED_UNIT ( * ) PLANE_ANGLE_UNIT ( ) SI_UNIT ( $, .RADIAN. ) );
#1622 = LINE ( 'NONE', #1883, #2382 ) ;
#1623 = PRESENTATION_STYLE_ASSIGNMENT (( #9 ) ) ;
#1624 = UNCERTAINTY_MEASURE_WITH_UNIT (LENGTH_MEASURE( 1.000000000000000082E-05 ), #173, 'distance_accuracy_value', 'NONE');
#1625 = EDGE_LOOP ( 'NONE', ( #303, #2803, #610, #127 ) ) ;
#1626 = CARTESIAN_POINT ( 'NONE',  ( -1.300000000000000044, 0.000000000000000000, 1.050000000000000044 ) ) ;
#1627 = VERTEX_POINT ( 'NONE', #1368 ) ;
#1628 = FILL_AREA_STYLE ('',( #738 ) ) ;
#1629 = EDGE_CURVE ( 'NONE', #1484, #2384, #876, .T. ) ;
#1630 = CARTESIAN_POINT ( 'NONE',  ( 1.370000000000000329, 0.5800000000000000711, 1.249999999999999778 ) ) ;
#1631 = CIRCLE ( 'NONE', #2078, 0.3199255020153238260 ) ;
#1632 = DIRECTION ( 'NONE',  ( -0.000000000000000000, -1.000000000000000000, -0.000000000000000000 ) ) ;
#1633 = SURFACE_SIDE_STYLE ('',( #714 ) ) ;
#1634 = LINE ( 'NONE', #1411, #1500 ) ;
#1635 = DIRECTION ( 'NONE',  ( 0.000000000000000000, 1.000000000000000000, 0.000000000000000000 ) ) ;
#1636 = STYLED_ITEM ( 'NONE', ( #2931 ), #1053 ) ;
#1637 = LINE ( 'NONE', #2565, #89 ) ;
#1638 = VECTOR ( 'NONE', #2128, 1000.000000000000000 ) ;
#1639 = DIRECTION ( 'NONE',  ( 0.000000000000000000, -1.000000000000000000, 0.000000000000000000 ) ) ;
#1640 = VERTEX_POINT ( 'NONE', #1856 ) ;
#1641 = EDGE_CURVE ( 'NONE', #2408, #2427, #1987, .T. ) ;
#1642 = VECTOR ( 'NONE', #440, 1000.000000000000000 ) ;
#1643 = ORIENTED_EDGE ( 'NONE', *, *, #679, .T. ) ;
#1644 = COLOUR_RGB ( '',0.9686274509803921573, 0.8784313725490195957, 0.5999999999999999778 ) ;
#1645 = DIRECTION ( 'NONE',  ( 0.000000000000000000, 1.000000000000000000, 0.000000000000000000 ) ) ;
#1646 = CARTESIAN_POINT ( 'NONE',  ( 1.282686438414885055, 0.5800000000000000711, -1.149999999999999911 ) ) ;
#1647 = SURFACE_STYLE_USAGE ( .BOTH. , #2404 ) ;
#1648 = EDGE_CURVE ( 'NONE', #1315, #1484, #2070, .T. ) ;
#1649 = CARTESIAN_POINT ( 'NONE',  ( 1.600000000000000089, 0.2600000000000000644, 0.9199999999999995959 ) ) ;
#1650 = EDGE_LOOP ( 'NONE', ( #734, #1118, #360, #2043 ) ) ;
#1651 = CARTESIAN_POINT ( 'NONE',  ( 1.589761634198785023, 0.5800000000000000711, -1.239761634198784934 ) ) ;
#1652 = CARTESIAN_POINT ( 'NONE',  ( -1.282686438414884833, 0.5600000000000000533, 1.149999999999999689 ) ) ;
#1653 = VECTOR ( 'NONE', #2409, 1000.000000000000000 ) ;
#1654 = EDGE_CURVE ( 'NONE', #2241, #2394, #2109, .T. ) ;
#1655 = PLANE ( 'NONE',  #873 ) ;
#1656 = EDGE_LOOP ( 'NONE', ( #2497, #1171, #415, #95 ) ) ;
#1657 = CARTESIAN_POINT ( 'NONE',  ( 1.589761634198785023, 0.2600000000000000644, -1.239761634198784934 ) ) ;
#1658 = DIRECTION ( 'NONE',  ( -0.000000000000000000, -0.000000000000000000, 1.000000000000000000 ) ) ;
#1659 = MECHANICAL_DESIGN_GEOMETRIC_PRESENTATION_REPRESENTATION (  '', ( #2097 ), #250 ) ;
#1660 = DIRECTION ( 'NONE',  ( 0.000000000000000000, -1.000000000000000000, -0.000000000000000000 ) ) ;
#1661 = DIRECTION ( 'NONE',  ( 0.000000000000000000, 0.000000000000000000, 1.000000000000000000 ) ) ;
#1662 = VERTEX_POINT ( 'NONE', #2346 ) ;
#1663 = DIRECTION ( 'NONE',  ( 0.000000000000000000, 0.000000000000000000, -1.000000000000000000 ) ) ;
#1664 = SURFACE_SIDE_STYLE ('',( #1437 ) ) ;
#1665 = CARTESIAN_POINT ( 'NONE',  ( -1.599999999999999423, 0.5800000000000000711, 1.020000000000000018 ) ) ;
#1666 = SURFACE_STYLE_FILL_AREA ( #546 ) ;
#1667 = DIRECTION ( 'NONE',  ( 0.000000000000000000, 0.000000000000000000, -1.000000000000000000 ) ) ;
#1668 = CARTESIAN_POINT ( 'NONE',  ( 0.9500000000000000666, -0.1000000000000000056, 0.5749999999999995115 ) ) ;
#1669 = VERTEX_POINT ( 'NONE', #2977 ) ;
#1670 = FILL_AREA_STYLE ('',( #973 ) ) ;
#1671 = ORIENTED_EDGE ( 'NONE', *, *, #1585, .T. ) ;
#1672 = ORIENTED_EDGE ( 'NONE', *, *, #328, .F. ) ;
#1673 = EDGE_CURVE ( 'NONE', #1457, #2309, #480, .T. ) ;
#1674 = DIRECTION ( 'NONE',  ( 0.000000000000000000, 0.000000000000000000, -1.000000000000000000 ) ) ;
#1675 = CARTESIAN_POINT ( 'NONE',  ( 0.6000000000000003109, 0.5800000000000000711, 1.149999999999999467 ) ) ;
#1676 = EDGE_LOOP ( 'NONE', ( #2178, #505, #2150, #1901 ) ) ;
#1677 = FACE_OUTER_BOUND ( 'NONE', #525, .T. ) ;
#1678 =( GEOMETRIC_REPRESENTATION_CONTEXT ( 3 ) GLOBAL_UNCERTAINTY_ASSIGNED_CONTEXT ( ( #835 ) ) GLOBAL_UNIT_ASSIGNED_CONTEXT ( ( #2495, #621, #1329 ) ) REPRESENTATION_CONTEXT ( 'NONE', 'WORKASPACE' ) );
#1679 =( NAMED_UNIT ( * ) SI_UNIT ( $, .STERADIAN. ) SOLID_ANGLE_UNIT ( ) );
#1680 = VERTEX_POINT ( 'NONE', #671 ) ;
#1681 = PLANE ( 'NONE',  #2943 ) ;
#1682 =( NAMED_UNIT ( * ) SI_UNIT ( $, .STERADIAN. ) SOLID_ANGLE_UNIT ( ) );
#1683 = ORIENTED_EDGE ( 'NONE', *, *, #2084, .T. ) ;
#1684 = ORIENTED_EDGE ( 'NONE', *, *, #1226, .F. ) ;
#1685 = LINE ( 'NONE', #782, #2101 ) ;
#1686 = VECTOR ( 'NONE', #1908, 1000.000000000000000 ) ;
#1687 = EDGE_CURVE ( 'NONE', #1049, #1920, #2664, .T. ) ;
#1688 = DIRECTION ( 'NONE',  ( 0.000000000000000000, -1.000000000000000000, 0.000000000000000000 ) ) ;
#1689 = ORIENTED_EDGE ( 'NONE', *, *, #2533, .T. ) ;
#1690 = VECTOR ( 'NONE', #150, 1000.000000000000000 ) ;
#1691 = LINE ( 'NONE', #2575, #2683 ) ;
#1692 = FACE_OUTER_BOUND ( 'NONE', #1820, .T. ) ;
#1693 = CARTESIAN_POINT ( 'NONE',  ( 1.300000000000000044, -0.05000000000000000278, 0.000000000000000000 ) ) ;
#1694 = DIRECTION ( 'NONE',  ( 0.000000000000000000, 1.000000000000000000, 0.000000000000000000 ) ) ;
#1695 = ORIENTED_EDGE ( 'NONE', *, *, #1320, .F. ) ;
#1696 = FACE_OUTER_BOUND ( 'NONE', #2423, .T. ) ;
#1697 = LINE ( 'NONE', #551, #1653 ) ;
#1698 = VERTEX_POINT ( 'NONE', #1186 ) ;
#1699 = SURFACE_STYLE_USAGE ( .BOTH. , #2164 ) ;
#1700 = ORIENTED_EDGE ( 'NONE', *, *, #180, .T. ) ;
#1701 = LINE ( 'NONE', #1477, #888 ) ;
#1702 = DIRECTION ( 'NONE',  ( 0.000000000000000000, 0.000000000000000000, 1.000000000000000000 ) ) ;
#1703 = EDGE_CURVE ( 'NONE', #2842, #501, #39, .T. ) ;
#1704 = VECTOR ( 'NONE', #2908, 1000.000000000000000 ) ;
#1705 = UNCERTAINTY_MEASURE_WITH_UNIT (LENGTH_MEASURE( 1.000000000000000082E-05 ), #1123, 'distance_accuracy_value', 'NONE');
#1706 = ORIENTED_EDGE ( 'NONE', *, *, #828, .T. ) ;
#1707 = PRESENTATION_LAYER_ASSIGNMENT (  '', '', ( #398 ) ) ;
#1708 = EDGE_CURVE ( 'NONE', #2368, #1506, #1634, .T. ) ;
#1709 = CIRCLE ( 'NONE', #251, 0.1250000000000004441 ) ;
#1710 = EDGE_CURVE ( 'NONE', #2158, #1431, #1622, .T. ) ;
#1711 = MECHANICAL_DESIGN_GEOMETRIC_PRESENTATION_REPRESENTATION (  '', ( #1272 ), #552 ) ;
#1712 = CARTESIAN_POINT ( 'NONE',  ( 0.000000000000000000, -0.05000000000000000278, 1.050000000000000044 ) ) ;
#1713 = CARTESIAN_POINT ( 'NONE',  ( -1.589761634198784801, 0.2600000000000000644, 1.239761634198784934 ) ) ;
#1714 = CARTESIAN_POINT ( 'NONE',  ( -1.269999999999999796, 0.5600000000000000533, 1.249999999999999778 ) ) ;
#1715 =( GEOMETRIC_REPRESENTATION_CONTEXT ( 3 ) GLOBAL_UNCERTAINTY_ASSIGNED_CONTEXT ( ( #1052 ) ) GLOBAL_UNIT_ASSIGNED_CONTEXT ( ( #1819, #1395, #2297 ) ) REPRESENTATION_CONTEXT ( 'NONE', 'WORKASPACE' ) );
#1716 = UNCERTAINTY_MEASURE_WITH_UNIT (LENGTH_MEASURE( 1.000000000000000082E-05 ), #612, 'distance_accuracy_value', 'NONE');
#1717 = ORIENTED_EDGE ( 'NONE', *, *, #2882, .T. ) ;
#1718 = DIRECTION ( 'NONE',  ( 1.000000000000000000, 0.000000000000000000, 0.000000000000000000 ) ) ;
#1719 = LINE ( 'NONE', #1552, #1704 ) ;
#1720 = CARTESIAN_POINT ( 'NONE',  ( 1.200000000000000178, -0.1000000000000000056, 1.000000000000000000 ) ) ;
#1721 = EDGE_CURVE ( 'NONE', #82, #536, #731, .T. ) ;
#1722 = CARTESIAN_POINT ( 'NONE',  ( -1.599999999999999423, 0.2600000000000000644, 1.020000000000000018 ) ) ;
#1723 = ORIENTED_EDGE ( 'NONE', *, *, #2366, .T. ) ;
#1724 = PRESENTATION_STYLE_ASSIGNMENT (( #2849 ) ) ;
#1725 = SURFACE_STYLE_FILL_AREA ( #1289 ) ;
#1726 = FILL_AREA_STYLE ('',( #624 ) ) ;
#1727 = DIRECTION ( 'NONE',  ( 0.000000000000000000, 1.000000000000000000, 0.000000000000000000 ) ) ;
#1728 =( NAMED_UNIT ( * ) PLANE_ANGLE_UNIT ( ) SI_UNIT ( $, .RADIAN. ) );
#1729 = COLOUR_RGB ( '',0.9686274509803921573, 0.8784313725490195957, 0.5999999999999999778 ) ;
#1730 = ORIENTED_EDGE ( 'NONE', *, *, #2580, .T. ) ;
#1731 = LINE ( 'NONE', #2196, #2609 ) ;
#1732 = CARTESIAN_POINT ( 'NONE',  ( 1.350000000000000089, 0.5600000000000000533, -1.250000000000000000 ) ) ;
#1733 = PRESENTATION_STYLE_ASSIGNMENT (( #2227 ) ) ;
#1734 = AXIS2_PLACEMENT_3D ( 'NONE', #221, #2545, #461 ) ;
#1735 = LINE ( 'NONE', #75, #2702 ) ;
#1736 = ORIENTED_EDGE ( 'NONE', *, *, #2574, .F. ) ;
#1737 = DIRECTION ( 'NONE',  ( 0.000000000000000000, 1.000000000000000000, 0.000000000000000000 ) ) ;
#1738 = PRESENTATION_LAYER_ASSIGNMENT (  '', '', ( #1782 ) ) ;
#1739 = VECTOR ( 'NONE', #2718, 1000.000000000000000 ) ;
#1740 =( GEOMETRIC_REPRESENTATION_CONTEXT ( 3 ) GLOBAL_UNCERTAINTY_ASSIGNED_CONTEXT ( ( #1494 ) ) GLOBAL_UNIT_ASSIGNED_CONTEXT ( ( #1776, #385, #1553 ) ) REPRESENTATION_CONTEXT ( 'NONE', 'WORKASPACE' ) );
#1741 = STYLED_ITEM ( 'NONE', ( #2193 ), #1784 ) ;
#1742 = FILL_AREA_STYLE_COLOUR ( '', #2271 ) ;
#1743 = CARTESIAN_POINT ( 'NONE',  ( 1.250000000000000000, -0.05000000000000000278, 1.000000000000000000 ) ) ;
#1744 = CYLINDRICAL_SURFACE ( 'NONE', #1064, 0.3199255020153242701 ) ;
#1745 = DIRECTION ( 'NONE',  ( 0.000000000000000000, 1.000000000000000000, 0.000000000000000000 ) ) ;
#1746 = VECTOR ( 'NONE', #566, 1000.000000000000000 ) ;
#1747 = CARTESIAN_POINT ( 'NONE',  ( 1.500000000000000000, 0.5800000000000000711, 0.3499999999999994782 ) ) ;
#1748 = FILL_AREA_STYLE_COLOUR ( '', #1026 ) ;
#1749 = CARTESIAN_POINT ( 'NONE',  ( 1.500000000000000222, 0.5600000000000000533, 0.9326864384148845222 ) ) ;
#1750 = EDGE_CURVE ( 'NONE', #997, #1240, #1251, .T. ) ;
#1751 = ORIENTED_EDGE ( 'NONE', *, *, #98, .F. ) ;
#1752 = AXIS2_PLACEMENT_3D ( 'NONE', #2871, #131, #392 ) ;
#1753 = MECHANICAL_DESIGN_GEOMETRIC_PRESENTATION_REPRESENTATION (  '', ( #2301 ), #2674 ) ;
#1754 = MECHANICAL_DESIGN_GEOMETRIC_PRESENTATION_REPRESENTATION (  '', ( #2397 ), #2860 ) ;
#1755 = PRESENTATION_STYLE_ASSIGNMENT (( #1288 ) ) ;
#1756 = CARTESIAN_POINT ( 'NONE',  ( 1.600000000000000089, 0.5600000000000000533, 0.000000000000000000 ) ) ;
#1757 = ORIENTED_EDGE ( 'NONE', *, *, #2601, .F. ) ;
#1758 = AXIS2_PLACEMENT_3D ( 'NONE', #2364, #1009, #2413 ) ;
#1759 = CARTESIAN_POINT ( 'NONE',  ( 1.250000000000000000, -0.02071067811865475589, 1.000000000000000000 ) ) ;
#1760 = COLOUR_RGB ( '',0.9686274509803921573, 0.8784313725490195957, 0.5999999999999999778 ) ;
#1761 = DIRECTION ( 'NONE',  ( 1.000000000000000000, -0.000000000000000000, 0.000000000000000000 ) ) ;
#1762 = DIRECTION ( 'NONE',  ( -0.000000000000000000, -1.000000000000000000, -0.000000000000000000 ) ) ;
#1763 = MECHANICAL_DESIGN_GEOMETRIC_PRESENTATION_REPRESENTATION (  '', ( #961 ), #2154 ) ;
#1764 = EDGE_CURVE ( 'NONE', #2612, #1457, #1596, .T. ) ;
#1765 = FILL_AREA_STYLE_COLOUR ( '', #1984 ) ;
#1766 = VERTEX_POINT ( 'NONE', #2304 ) ;
#1767 =( NAMED_UNIT ( * ) SI_UNIT ( $, .STERADIAN. ) SOLID_ANGLE_UNIT ( ) );
#1768 = UNCERTAINTY_MEASURE_WITH_UNIT (LENGTH_MEASURE( 1.000000000000000082E-05 ), #1364, 'distance_accuracy_value', 'NONE');
#1769 = PRESENTATION_STYLE_ASSIGNMENT (( #878 ) ) ;
#1770 = PRESENTATION_STYLE_ASSIGNMENT (( #1516 ) ) ;
#1771 = FILL_AREA_STYLE_COLOUR ( '', #1884 ) ;
#1772 = ORIENTED_EDGE ( 'NONE', *, *, #414, .T. ) ;
#1773 = SURFACE_SIDE_STYLE ('',( #854 ) ) ;
#1774 = LINE ( 'NONE', #1294, #1566 ) ;
#1775 = SURFACE_STYLE_FILL_AREA ( #2226 ) ;
#1776 =( LENGTH_UNIT ( ) NAMED_UNIT ( * ) SI_UNIT ( .MILLI., .METRE. ) );
#1777 = ORIENTED_EDGE ( 'NONE', *, *, #582, .F. ) ;
#1778 = VECTOR ( 'NONE', #726, 1000.000000000000000 ) ;
#1779 = CARTESIAN_POINT ( 'NONE',  ( -1.270000000000000018, 0.2600000000000000644, -1.249999999999999778 ) ) ;
#1780 = EDGE_CURVE ( 'NONE', #1133, #391, #217, .T. ) ;
#1781 = COLOUR_RGB ( '',0.2509803921568627416, 0.2509803921568627416, 0.2509803921568627416 ) ;
#1782 = STYLED_ITEM ( 'NONE', ( #2504 ), #1264 ) ;
#1783 = CYLINDRICAL_SURFACE ( 'NONE', #425, 0.04999999999999991257 ) ;
#1784 = ADVANCED_FACE ( 'NONE', ( #776 ), #1943, .F. ) ;
#1785 = VECTOR ( 'NONE', #1282, 1000.000000000000000 ) ;
#1786 = CARTESIAN_POINT ( 'NONE',  ( 0.000000000000000000, 0.000000000000000000, -1.250000000000000000 ) ) ;
#1787 = SURFACE_STYLE_USAGE ( .BOTH. , #346 ) ;
#1788 = ORIENTED_EDGE ( 'NONE', *, *, #2711, .F. ) ;
#1789 = PRESENTATION_LAYER_ASSIGNMENT (  '', '', ( #961 ) ) ;
#1790 = DIRECTION ( 'NONE',  ( 1.000000000000000000, 0.000000000000000000, -6.023345402697246965E-16 ) ) ;
#1791 = VECTOR ( 'NONE', #456, 1000.000000000000000 ) ;
#1792 =( NAMED_UNIT ( * ) SI_UNIT ( $, .STERADIAN. ) SOLID_ANGLE_UNIT ( ) );
#1793 =( NAMED_UNIT ( * ) SI_UNIT ( $, .STERADIAN. ) SOLID_ANGLE_UNIT ( ) );
#1794 = DIRECTION ( 'NONE',  ( 0.000000000000000000, 0.000000000000000000, -1.000000000000000000 ) ) ;
#1795 = ORIENTED_EDGE ( 'NONE', *, *, #1076, .T. ) ;
#1796 = EDGE_CURVE ( 'NONE', #1506, #759, #2175, .T. ) ;
#1797 = FILL_AREA_STYLE ('',( #2257 ) ) ;
#1798 = ADVANCED_FACE ( 'NONE', ( #1696 ), #531, .T. ) ;
#1799 = ORIENTED_EDGE ( 'NONE', *, *, #710, .F. ) ;
#1800 = SURFACE_SIDE_STYLE ('',( #751 ) ) ;
#1801 = FILL_AREA_STYLE ('',( #2049 ) ) ;
#1802 = ORIENTED_EDGE ( 'NONE', *, *, #463, .T. ) ;
#1803 = EDGE_CURVE ( 'NONE', #2612, #2842, #1256, .T. ) ;
#1804 = LINE ( 'NONE', #1126, #2243 ) ;
#1805 = CARTESIAN_POINT ( 'NONE',  ( -0.6000000000000000888, 0.2600000000000000644, 0.3499999999999998113 ) ) ;
#1806 = VECTOR ( 'NONE', #254, 1000.000000000000000 ) ;
#1807 = PRESENTATION_LAYER_ASSIGNMENT (  '', '', ( #121 ) ) ;
#1808 = VECTOR ( 'NONE', #365, 1000.000000000000000 ) ;
#1809 = LINE ( 'NONE', #2328, #2027 ) ;
#1810 = MECHANICAL_DESIGN_GEOMETRIC_PRESENTATION_REPRESENTATION (  '', ( #16 ), #499 ) ;
#1811 =( LENGTH_UNIT ( ) NAMED_UNIT ( * ) SI_UNIT ( .MILLI., .METRE. ) );
#1812 = ORIENTED_EDGE ( 'NONE', *, *, #2901, .T. ) ;
#1813 = DIRECTION ( 'NONE',  ( 0.000000000000000000, 1.000000000000000000, 0.000000000000000000 ) ) ;
#1814 =( GEOMETRIC_REPRESENTATION_CONTEXT ( 3 ) GLOBAL_UNCERTAINTY_ASSIGNED_CONTEXT ( ( #2879 ) ) GLOBAL_UNIT_ASSIGNED_CONTEXT ( ( #168, #864, #809 ) ) REPRESENTATION_CONTEXT ( 'NONE', 'WORKASPACE' ) );
#1815 = EDGE_CURVE ( 'NONE', #2230, #889, #1961, .T. ) ;
#1816 = VERTEX_POINT ( 'NONE', #810 ) ;
#1817 = LINE ( 'NONE', #2398, #2880 ) ;
#1818 = PLANE ( 'NONE',  #869 ) ;
#1819 =( LENGTH_UNIT ( ) NAMED_UNIT ( * ) SI_UNIT ( .MILLI., .METRE. ) );
#1820 = EDGE_LOOP ( 'NONE', ( #2852, #2635 ) ) ;
#1821 = SURFACE_SIDE_STYLE ('',( #896 ) ) ;
#1822 = EDGE_CURVE ( 'NONE', #1589, #2623, #2375, .T. ) ;
#1823 = LINE ( 'NONE', #2770, #771 ) ;
#1824 =( NAMED_UNIT ( * ) PLANE_ANGLE_UNIT ( ) SI_UNIT ( $, .RADIAN. ) );
#1825 = FILL_AREA_STYLE_COLOUR ( '', #1420 ) ;
#1826 = CARTESIAN_POINT ( 'NONE',  ( -1.589761634198785467, 0.5600000000000000533, -1.239761634198784490 ) ) ;
#1827 = SURFACE_STYLE_FILL_AREA ( #1374 ) ;
#1828 = VERTEX_POINT ( 'NONE', #1214 ) ;
#1829 =( NAMED_UNIT ( * ) PLANE_ANGLE_UNIT ( ) SI_UNIT ( $, .RADIAN. ) );
#1830 = ADVANCED_FACE ( 'NONE', ( #992 ), #1681, .T. ) ;
#1831 = VERTEX_POINT ( 'NONE', #2004 ) ;
#1832 = MECHANICAL_DESIGN_GEOMETRIC_PRESENTATION_REPRESENTATION (  '', ( #1107 ), #184 ) ;
#1833 =( LENGTH_UNIT ( ) NAMED_UNIT ( * ) SI_UNIT ( .MILLI., .METRE. ) );
#1834 = AXIS2_PLACEMENT_3D ( 'NONE', #439, #2761, #2069 ) ;
#1835 = DIRECTION ( 'NONE',  ( 0.000000000000000000, 1.000000000000000000, 0.000000000000000000 ) ) ;
#1836 = SURFACE_STYLE_USAGE ( .BOTH. , #2440 ) ;
#1837 = DIRECTION ( 'NONE',  ( 0.000000000000000000, -0.000000000000000000, -1.000000000000000000 ) ) ;
#1838 = CARTESIAN_POINT ( 'NONE',  ( -1.589761634198785467, 0.5800000000000000711, -1.239761634198784490 ) ) ;
#1839 =( GEOMETRIC_REPRESENTATION_CONTEXT ( 3 ) GLOBAL_UNCERTAINTY_ASSIGNED_CONTEXT ( ( #558 ) ) GLOBAL_UNIT_ASSIGNED_CONTEXT ( ( #1577, #964, #1108 ) ) REPRESENTATION_CONTEXT ( 'NONE', 'WORKASPACE' ) );
#1840 = SURFACE_SIDE_STYLE ('',( #200 ) ) ;
#1841 = PRESENTATION_STYLE_ASSIGNMENT (( #924 ) ) ;
#1842 = MECHANICAL_DESIGN_GEOMETRIC_PRESENTATION_REPRESENTATION (  '', ( #153 ), #1549 ) ;
#1843 = ADVANCED_FACE ( 'NONE', ( #2885 ), #347, .T. ) ;
#1844 =( GEOMETRIC_REPRESENTATION_CONTEXT ( 3 ) GLOBAL_UNCERTAINTY_ASSIGNED_CONTEXT ( ( #1586 ) ) GLOBAL_UNIT_ASSIGNED_CONTEXT ( ( #628, #2489, #1295 ) ) REPRESENTATION_CONTEXT ( 'NONE', 'WORKASPACE' ) );
#1845 = CARTESIAN_POINT ( 'NONE',  ( -1.369999999999999885, 0.2600000000000000644, 1.250000000000000222 ) ) ;
#1846 = ORIENTED_EDGE ( 'NONE', *, *, #2045, .T. ) ;
#1847 = EDGE_CURVE ( 'NONE', #1231, #158, #1709, .T. ) ;
#1848 = CARTESIAN_POINT ( 'NONE',  ( -1.600000000000000089, 0.2600000000000000644, 1.250000000000000000 ) ) ;
#1849 = ORIENTED_EDGE ( 'NONE', *, *, #1140, .T. ) ;
#1850 = PRODUCT_DEFINITION_CONTEXT ( 'detailed design', #1380, 'design' ) ;
#1851 = PRESENTATION_STYLE_ASSIGNMENT (( #1836 ) ) ;
#1852 =( NAMED_UNIT ( * ) PLANE_ANGLE_UNIT ( ) SI_UNIT ( $, .RADIAN. ) );
#1853 = DIRECTION ( 'NONE',  ( 1.000000000000000000, 0.000000000000000000, 0.000000000000000000 ) ) ;
#1854 = DIRECTION ( 'NONE',  ( 0.000000000000000000, 0.000000000000000000, 1.000000000000000000 ) ) ;
#1855 = DIRECTION ( 'NONE',  ( 0.000000000000000000, 1.000000000000000000, 0.000000000000000000 ) ) ;
#1856 = CARTESIAN_POINT ( 'NONE',  ( -1.499999999999999778, 0.5800000000000000711, 0.9326864384148849663 ) ) ;
#1857 = DIRECTION ( 'NONE',  ( 0.000000000000000000, 0.000000000000000000, 1.000000000000000000 ) ) ;
#1858 = MECHANICAL_DESIGN_GEOMETRIC_PRESENTATION_REPRESENTATION (  '', ( #1422 ), #301 ) ;
#1859 = DIRECTION ( 'NONE',  ( 0.000000000000000000, -1.000000000000000000, 0.000000000000000000 ) ) ;
#1860 = ORIENTED_EDGE ( 'NONE', *, *, #1648, .T. ) ;
#1861 = VECTOR ( 'NONE', #2465, 1000.000000000000000 ) ;
#1862 = COLOUR_RGB ( '',0.9686274509803921573, 0.8784313725490195957, 0.5999999999999999778 ) ;
#1863 = ADVANCED_FACE ( 'NONE', ( #145 ), #1271, .T. ) ;
#1864 = ORIENTED_EDGE ( 'NONE', *, *, #2703, .F. ) ;
#1865 = VECTOR ( 'NONE', #1855, 1000.000000000000000 ) ;
#1866 = CARTESIAN_POINT ( 'NONE',  ( -1.589761634198785467, 0.2600000000000000644, -1.239761634198784490 ) ) ;
#1867 = DIRECTION ( 'NONE',  ( 0.000000000000000000, 0.000000000000000000, -1.000000000000000000 ) ) ;
#1868 = LINE ( 'NONE', #2965, #148 ) ;
#1869 = DIRECTION ( 'NONE',  ( 0.000000000000000000, 0.000000000000000000, 1.000000000000000000 ) ) ;
#1870 = UNCERTAINTY_MEASURE_WITH_UNIT (LENGTH_MEASURE( 1.000000000000000082E-05 ), #2905, 'distance_accuracy_value', 'NONE');
#1871 = SURFACE_SIDE_STYLE ('',( #1827 ) ) ;
#1872 = EDGE_LOOP ( 'NONE', ( #875, #2836, #677, #1230 ) ) ;
#1873 = ORIENTED_EDGE ( 'NONE', *, *, #414, .F. ) ;
#1874 = PRESENTATION_STYLE_ASSIGNMENT (( #262 ) ) ;
#1875 =( LENGTH_UNIT ( ) NAMED_UNIT ( * ) SI_UNIT ( .MILLI., .METRE. ) );
#1876 =( GEOMETRIC_REPRESENTATION_CONTEXT ( 3 ) GLOBAL_UNCERTAINTY_ASSIGNED_CONTEXT ( ( #371 ) ) GLOBAL_UNIT_ASSIGNED_CONTEXT ( ( #989, #265, #755 ) ) REPRESENTATION_CONTEXT ( 'NONE', 'WORKASPACE' ) );
#1877 = SURFACE_STYLE_USAGE ( .BOTH. , #35 ) ;
#1878 = DIRECTION ( 'NONE',  ( -0.000000000000000000, -1.000000000000000000, 0.000000000000000000 ) ) ;
#1879 = CIRCLE ( 'NONE', #275, 0.3199255020153242701 ) ;
#1880 =( NAMED_UNIT ( * ) SI_UNIT ( $, .STERADIAN. ) SOLID_ANGLE_UNIT ( ) );
#1881 = SURFACE_SIDE_STYLE ('',( #2157 ) ) ;
#1882 =( NAMED_UNIT ( * ) PLANE_ANGLE_UNIT ( ) SI_UNIT ( $, .RADIAN. ) );
#1883 = CARTESIAN_POINT ( 'NONE',  ( -1.250000000000000000, -0.05000000000000000278, -1.000000000000000000 ) ) ;
#1884 = COLOUR_RGB ( '',0.9686274509803921573, 0.8784313725490195957, 0.5999999999999999778 ) ;
#1885 = DIRECTION ( 'NONE',  ( -0.7071067811865473507, -0.000000000000000000, 0.7071067811865477948 ) ) ;
#1886 = VECTOR ( 'NONE', #1835, 1000.000000000000000 ) ;
#1887 = MECHANICAL_DESIGN_GEOMETRIC_PRESENTATION_REPRESENTATION (  '', ( #1986 ), #1454 ) ;
#1888 = ORIENTED_EDGE ( 'NONE', *, *, #98, .T. ) ;
#1889 = LINE ( 'NONE', #2351, #2629 ) ;
#1890 =( NAMED_UNIT ( * ) SI_UNIT ( $, .STERADIAN. ) SOLID_ANGLE_UNIT ( ) );
#1891 = VECTOR ( 'NONE', #1057, 1000.000000000000000 ) ;
#1892 =( NAMED_UNIT ( * ) SI_UNIT ( $, .STERADIAN. ) SOLID_ANGLE_UNIT ( ) );
#1893 = FILL_AREA_STYLE_COLOUR ( '', #2430 ) ;
#1894 = EDGE_LOOP ( 'NONE', ( #257, #12, #1479, #1684 ) ) ;
#1895 = AXIS2_PLACEMENT_3D ( 'NONE', #1713, #757, #515 ) ;
#1896 = EDGE_CURVE ( 'NONE', #2408, #2394, #1166, .T. ) ;
#1897 =( NAMED_UNIT ( * ) PLANE_ANGLE_UNIT ( ) SI_UNIT ( $, .RADIAN. ) );
#1898 = FILL_AREA_STYLE ('',( #476 ) ) ;
#1899 =( LENGTH_UNIT ( ) NAMED_UNIT ( * ) SI_UNIT ( .MILLI., .METRE. ) );
#1900 = EDGE_CURVE ( 'NONE', #2140, #769, #2727, .T. ) ;
#1901 = ORIENTED_EDGE ( 'NONE', *, *, #1169, .F. ) ;
#1902 = VECTOR ( 'NONE', #956, 1000.000000000000000 ) ;
#1903 = EDGE_LOOP ( 'NONE', ( #972, #1802, #469, #1757 ) ) ;
#1904 =( LENGTH_UNIT ( ) NAMED_UNIT ( * ) SI_UNIT ( .MILLI., .METRE. ) );
#1905 = COLOUR_RGB ( '',0.9686274509803921573, 0.8784313725490195957, 0.5999999999999999778 ) ;
#1906 = DIRECTION ( 'NONE',  ( 0.000000000000000000, -1.000000000000000000, -0.000000000000000000 ) ) ;
#1907 = AXIS2_PLACEMENT_3D ( 'NONE', #2365, #977, #320 ) ;
#1908 = DIRECTION ( 'NONE',  ( 0.000000000000000000, 1.000000000000000000, 0.000000000000000000 ) ) ;
#1909 = ORIENTED_EDGE ( 'NONE', *, *, #2312, .F. ) ;
#1910 = CARTESIAN_POINT ( 'NONE',  ( 1.300000000000000044, 0.000000000000000000, -1.050000000000000044 ) ) ;
#1911 = CARTESIAN_POINT ( 'NONE',  ( -1.500000000000000000, 0.2600000000000000644, -0.9326864384148846332 ) ) ;
#1912 = AXIS2_PLACEMENT_3D ( 'NONE', #1866, #2976, #2276 ) ;
#1913 =( NAMED_UNIT ( * ) SI_UNIT ( $, .STERADIAN. ) SOLID_ANGLE_UNIT ( ) );
#1914 = DIRECTION ( 'NONE',  ( 0.000000000000000000, 1.000000000000000000, 0.000000000000000000 ) ) ;
#1915 = VERTEX_POINT ( 'NONE', #2758 ) ;
#1916 =( LENGTH_UNIT ( ) NAMED_UNIT ( * ) SI_UNIT ( .MILLI., .METRE. ) );
#1917 = EDGE_CURVE ( 'NONE', #2623, #1474, #700, .T. ) ;
#1918 = VERTEX_POINT ( 'NONE', #438 ) ;
#1919 = CARTESIAN_POINT ( 'NONE',  ( 1.200000000000000178, -0.1000000000000000056, -0.9499999999999999556 ) ) ;
#1920 = VERTEX_POINT ( 'NONE', #20 ) ;
#1921 =( NAMED_UNIT ( * ) SI_UNIT ( $, .STERADIAN. ) SOLID_ANGLE_UNIT ( ) );
#1922 = ORIENTED_EDGE ( 'NONE', *, *, #2118, .T. ) ;
#1923 = PRESENTATION_LAYER_ASSIGNMENT (  '', '', ( #1536 ) ) ;
#1924 = PLANE ( 'NONE',  #675 ) ;
#1925 = EDGE_CURVE ( 'NONE', #109, #1928, #2678, .T. ) ;
#1926 = VECTOR ( 'NONE', #108, 1000.000000000000000 ) ;
#1927 = ORIENTED_EDGE ( 'NONE', *, *, #2833, .T. ) ;
#1928 = VERTEX_POINT ( 'NONE', #1180 ) ;
#1929 = CARTESIAN_POINT ( 'NONE',  ( -1.500000000000000000, 0.5800000000000000711, -0.9326864384148846332 ) ) ;
#1930 = ORIENTED_EDGE ( 'NONE', *, *, #372, .T. ) ;
#1931 = CIRCLE ( 'NONE', #90, 0.2500000000000000000 ) ;
#1932 = MECHANICAL_DESIGN_GEOMETRIC_PRESENTATION_REPRESENTATION (  '', ( #1544 ), #330 ) ;
#1933 = EDGE_CURVE ( 'NONE', #501, #1049, #711, .T. ) ;
#1934 = FILL_AREA_STYLE_COLOUR ( '', #577 ) ;
#1935 = ORIENTED_EDGE ( 'NONE', *, *, #1514, .F. ) ;
#1936 = SURFACE_SIDE_STYLE ('',( #2617 ) ) ;
#1937 = COLOUR_RGB ( '',0.9686274509803921573, 0.8784313725490195957, 0.5999999999999999778 ) ;
#1938 = PRODUCT_DEFINITION_SHAPE ( 'NONE', 'NONE',  #2160 ) ;
#1939 = CARTESIAN_POINT ( 'NONE',  ( -1.589761634198785467, 0.5800000000000000711, -1.019761634198784295 ) ) ;
#1940 = FILL_AREA_STYLE_COLOUR ( '', #467 ) ;
#1941 = LINE ( 'NONE', #2407, #2474 ) ;
#1942 = ORIENTED_EDGE ( 'NONE', *, *, #2264, .T. ) ;
#1943 = PLANE ( 'NONE',  #777 ) ;
#1944 = CARTESIAN_POINT ( 'NONE',  ( -1.600000000000000089, 0.5600000000000000533, 0.9200000000000000400 ) ) ;
#1945 = EDGE_CURVE ( 'NONE', #1347, #681, #2676, .T. ) ;
#1946 = ORIENTED_EDGE ( 'NONE', *, *, #1245, .F. ) ;
#1947 = CARTESIAN_POINT ( 'NONE',  ( 0.8000000000000000444, 0.5800000000000000711, 0.3499999999999996447 ) ) ;
#1948 = ORIENTED_EDGE ( 'NONE', *, *, #2533, .F. ) ;
#1949 = PLANE ( 'NONE',  #2208 ) ;
#1950 =( NAMED_UNIT ( * ) PLANE_ANGLE_UNIT ( ) SI_UNIT ( $, .RADIAN. ) );
#1951 = CIRCLE ( 'NONE', #2151, 0.3199255020153238260 ) ;
#1952 = LINE ( 'NONE', #559, #475 ) ;
#1953 = ORIENTED_EDGE ( 'NONE', *, *, #2910, .T. ) ;
#1954 = COLOUR_RGB ( '',0.9686274509803921573, 0.8784313725490195957, 0.5999999999999999778 ) ;
#1955 = COLOUR_RGB ( '',0.2509803921568627416, 0.2509803921568627416, 0.2509803921568627416 ) ;
#1956 = CIRCLE ( 'NONE', #1557, 0.2199999999999999178 ) ;
#1957 = CARTESIAN_POINT ( 'NONE',  ( -0.6000000000000000888, 0.2600000000000000644, 1.149999999999999689 ) ) ;
#1958 = PRESENTATION_LAYER_ASSIGNMENT (  '', '', ( #1179 ) ) ;
#1959 = CARTESIAN_POINT ( 'NONE',  ( -1.589761634198785467, 0.2600000000000000644, -1.239761634198784490 ) ) ;
#1960 = ORIENTED_EDGE ( 'NONE', *, *, #543, .F. ) ;
#1961 = LINE ( 'NONE', #67, #1746 ) ;
#1962 = PRESENTATION_STYLE_ASSIGNMENT (( #2456 ) ) ;
#1963 = STYLED_ITEM ( 'NONE', ( #2724 ), #93 ) ;
#1964 = UNCERTAINTY_MEASURE_WITH_UNIT (LENGTH_MEASURE( 1.000000000000000082E-05 ), #2730, 'distance_accuracy_value', 'NONE');
#1965 = ORIENTED_EDGE ( 'NONE', *, *, #2711, .T. ) ;
#1966 = DIRECTION ( 'NONE',  ( 0.000000000000000000, 0.000000000000000000, 1.000000000000000000 ) ) ;
#1967 = DIRECTION ( 'NONE',  ( 0.000000000000000000, 1.000000000000000000, 0.000000000000000000 ) ) ;
#1968 = ORIENTED_EDGE ( 'NONE', *, *, #1803, .T. ) ;
#1969 = CARTESIAN_POINT ( 'NONE',  ( 0.6000000000000000888, 0.2600000000000000644, 0.5499999999999997113 ) ) ;
#1970 = FACE_OUTER_BOUND ( 'NONE', #1285, .T. ) ;
#1971 = FILL_AREA_STYLE_COLOUR ( '', #424 ) ;
#1972 =( NAMED_UNIT ( * ) PLANE_ANGLE_UNIT ( ) SI_UNIT ( $, .RADIAN. ) );
#1973 = SURFACE_STYLE_USAGE ( .BOTH. , #1109 ) ;
#1974 = PRESENTATION_LAYER_ASSIGNMENT (  '', '', ( #1152 ) ) ;
#1975 = AXIS2_PLACEMENT_3D ( 'NONE', #2945, #837, #156 ) ;
#1976 =( NAMED_UNIT ( * ) PLANE_ANGLE_UNIT ( ) SI_UNIT ( $, .RADIAN. ) );
#1977 = PRESENTATION_STYLE_ASSIGNMENT (( #1551 ) ) ;
#1978 = CARTESIAN_POINT ( 'NONE',  ( 1.599999999999999645, 0.5800000000000000711, -1.020000000000000018 ) ) ;
#1979 = MECHANICAL_DESIGN_GEOMETRIC_PRESENTATION_REPRESENTATION (  '', ( #1540 ), #716 ) ;
#1980 = PLANE ( 'NONE',  #1445 ) ;
#1981 = CIRCLE ( 'NONE', #2322, 0.3199255020153238260 ) ;
#1982 = DIRECTION ( 'NONE',  ( 1.000000000000000000, -0.000000000000000000, -0.000000000000000000 ) ) ;
#1983 = ORIENTED_EDGE ( 'NONE', *, *, #634, .F. ) ;
#1984 = COLOUR_RGB ( '',0.2509803921568627416, 0.2509803921568627416, 0.2509803921568627416 ) ;
#1985 = MECHANICAL_DESIGN_GEOMETRIC_PRESENTATION_REPRESENTATION (  '', ( #2369 ), #53 ) ;
#1986 = STYLED_ITEM ( 'NONE', ( #11 ), #1409 ) ;
#1987 = CIRCLE ( 'NONE', #2614, 0.2200000000000001399 ) ;
#1988 = FILL_AREA_STYLE_COLOUR ( '', #1760 ) ;
#1989 = DIRECTION ( 'NONE',  ( 0.000000000000000000, 1.000000000000000000, 0.000000000000000000 ) ) ;
#1990 = FACE_OUTER_BOUND ( 'NONE', #1110, .T. ) ;
#1991 = SURFACE_SIDE_STYLE ('',( #1305 ) ) ;
#1992 = SURFACE_STYLE_FILL_AREA ( #1258 ) ;
#1993 = EDGE_CURVE ( 'NONE', #759, #1148, #2278, .T. ) ;
#1994 = LINE ( 'NONE', #870, #238 ) ;
#1995 = CYLINDRICAL_SURFACE ( 'NONE', #2493, 0.1250000000000004441 ) ;
#1996 =( NAMED_UNIT ( * ) PLANE_ANGLE_UNIT ( ) SI_UNIT ( $, .RADIAN. ) );
#1997 = ORIENTED_EDGE ( 'NONE', *, *, #2512, .T. ) ;
#1998 = DIRECTION ( 'NONE',  ( 0.000000000000000000, 1.000000000000000000, 0.000000000000000000 ) ) ;
#1999 = COLOUR_RGB ( '',0.9686274509803921573, 0.8784313725490195957, 0.5999999999999999778 ) ;
#2000 = AXIS2_PLACEMENT_3D ( 'NONE', #921, #2794, #953 ) ;
#2001 = LINE ( 'NONE', #1786, #1091 ) ;
#2002 = LINE ( 'NONE', #2919, #914 ) ;
#2003 = ORIENTED_EDGE ( 'NONE', *, *, #22, .T. ) ;
#2004 = CARTESIAN_POINT ( 'NONE',  ( -1.600000000000000089, 0.000000000000000000, -1.000000000000000222 ) ) ;
#2005 = AXIS2_PLACEMENT_3D ( 'NONE', #397, #2431, #2937 ) ;
#2006 = CARTESIAN_POINT ( 'NONE',  ( -1.600000000000000089, 0.000000000000000000, 1.250000000000000000 ) ) ;
#2007 = FILL_AREA_STYLE_COLOUR ( '', #1520 ) ;
#2008 =( LENGTH_UNIT ( ) NAMED_UNIT ( * ) SI_UNIT ( .MILLI., .METRE. ) );
#2009 = DIRECTION ( 'NONE',  ( 0.000000000000000000, 0.000000000000000000, 1.000000000000000000 ) ) ;
#2010 = EDGE_CURVE ( 'NONE', #1915, #2911, #1804, .T. ) ;
#2011 = STYLED_ITEM ( 'NONE', ( #894 ), #65 ) ;
#2012 = DIRECTION ( 'NONE',  ( -1.000000000000000000, 0.000000000000000000, 0.000000000000000000 ) ) ;
#2013 = VERTEX_POINT ( 'NONE', #2964 ) ;
#2014 = FACE_OUTER_BOUND ( 'NONE', #2024, .T. ) ;
#2015 = DIRECTION ( 'NONE',  ( 1.000000000000000000, 0.000000000000000000, -3.721391475782141034E-16 ) ) ;
#2016 = CARTESIAN_POINT ( 'NONE',  ( -1.282686438414885055, 0.2600000000000000644, -1.149999999999999689 ) ) ;
#2017 = ORIENTED_EDGE ( 'NONE', *, *, #543, .T. ) ;
#2018 = ORIENTED_EDGE ( 'NONE', *, *, #114, .T. ) ;
#2019 = FILL_AREA_STYLE_COLOUR ( '', #1644 ) ;
#2020 = EDGE_CURVE ( 'NONE', #2427, #132, #464, .T. ) ;
#2021 =( NAMED_UNIT ( * ) PLANE_ANGLE_UNIT ( ) SI_UNIT ( $, .RADIAN. ) );
#2022 = FILL_AREA_STYLE ('',( #614 ) ) ;
#2023 =( LENGTH_UNIT ( ) NAMED_UNIT ( * ) SI_UNIT ( .MILLI., .METRE. ) );
#2024 = EDGE_LOOP ( 'NONE', ( #1495, #1723, #1428, #775 ) ) ;
#2025 = STYLED_ITEM ( 'NONE', ( #2272 ), #522 ) ;
#2026 = SURFACE_STYLE_USAGE ( .BOTH. , #1105 ) ;
#2027 = VECTOR ( 'NONE', #897, 1000.000000000000000 ) ;
#2028 = ADVANCED_FACE ( 'NONE', ( #2341 ), #2523, .T. ) ;
#2029 = VERTEX_POINT ( 'NONE', #3 ) ;
#2030 = VECTOR ( 'NONE', #998, 1000.000000000000000 ) ;
#2031 = FILL_AREA_STYLE_COLOUR ( '', #521 ) ;
#2032 = DIRECTION ( 'NONE',  ( 6.023345402697246965E-16, -0.000000000000000000, 1.000000000000000000 ) ) ;
#2033 =( GEOMETRIC_REPRESENTATION_CONTEXT ( 3 ) GLOBAL_UNCERTAINTY_ASSIGNED_CONTEXT ( ( #2041 ) ) GLOBAL_UNIT_ASSIGNED_CONTEXT ( ( #1043, #2857, #2873 ) ) REPRESENTATION_CONTEXT ( 'NONE', 'WORKASPACE' ) );
#2034 = PLANE ( 'NONE',  #1975 ) ;
#2035 = CARTESIAN_POINT ( 'NONE',  ( 0.000000000000000000, 0.000000000000000000, -1.050000000000000044 ) ) ;
#2036 = FILL_AREA_STYLE_COLOUR ( '', #938 ) ;
#2037 = ORIENTED_EDGE ( 'NONE', *, *, #796, .F. ) ;
#2038 = SURFACE_STYLE_USAGE ( .BOTH. , #866 ) ;
#2039 = COLOUR_RGB ( '',0.9686274509803921573, 0.8784313725490195957, 0.5999999999999999778 ) ;
#2040 =( NAMED_UNIT ( * ) SI_UNIT ( $, .STERADIAN. ) SOLID_ANGLE_UNIT ( ) );
#2041 = UNCERTAINTY_MEASURE_WITH_UNIT (LENGTH_MEASURE( 1.000000000000000082E-05 ), #1043, 'distance_accuracy_value', 'NONE');
#2042 = FILL_AREA_STYLE ('',( #2265 ) ) ;
#2043 = ORIENTED_EDGE ( 'NONE', *, *, #2045, .F. ) ;
#2044 = ORIENTED_EDGE ( 'NONE', *, *, #2655, .F. ) ;
#2045 = EDGE_CURVE ( 'NONE', #2384, #536, #2626, .T. ) ;
#2046 = FILL_AREA_STYLE ('',( #2031 ) ) ;
#2047 = CARTESIAN_POINT ( 'NONE',  ( -1.500000000000000000, 0.5800000000000000711, -0.9326864384148847442 ) ) ;
#2048 = MECHANICAL_DESIGN_GEOMETRIC_PRESENTATION_REPRESENTATION (  '', ( #1267 ), #1224 ) ;
#2049 = FILL_AREA_STYLE_COLOUR ( '', #1525 ) ;
#2050 = ORIENTED_EDGE ( 'NONE', *, *, #1455, .T. ) ;
#2051 = DIRECTION ( 'NONE',  ( 0.000000000000000000, 1.000000000000000000, -0.000000000000000000 ) ) ;
#2052 = CARTESIAN_POINT ( 'NONE',  ( 1.599999999999999867, 0.2600000000000000644, 1.019999999999999574 ) ) ;
#2053 = MECHANICAL_DESIGN_GEOMETRIC_PRESENTATION_REPRESENTATION (  '', ( #2242 ), #1609 ) ;
#2054 = PRESENTATION_LAYER_ASSIGNMENT (  '', '', ( #355 ) ) ;
#2055 = VECTOR ( 'NONE', #2107, 1000.000000000000000 ) ;
#2056 = CARTESIAN_POINT ( 'NONE',  ( 1.229289321881345431, -0.1000000000000000056, 0.9792893218813453204 ) ) ;
#2057 = DIRECTION ( 'NONE',  ( 0.000000000000000000, 1.000000000000000000, 0.000000000000000000 ) ) ;
#2058 = EDGE_CURVE ( 'NONE', #2368, #1474, #264, .T. ) ;
#2059 = SURFACE_STYLE_FILL_AREA ( #2042 ) ;
#2060 = ORIENTED_EDGE ( 'NONE', *, *, #1796, .T. ) ;
#2061 = CARTESIAN_POINT ( 'NONE',  ( -1.200000000000000178, -0.1000000000000000056, -0.9499999999999999556 ) ) ;
#2062 = ORIENTED_EDGE ( 'NONE', *, *, #2287, .T. ) ;
#2063 = SURFACE_STYLE_FILL_AREA ( #2046 ) ;
#2064 = FILL_AREA_STYLE ('',( #1136 ) ) ;
#2065 = UNCERTAINTY_MEASURE_WITH_UNIT (LENGTH_MEASURE( 1.000000000000000082E-05 ), #800, 'distance_accuracy_value', 'NONE');
#2066 = FACE_OUTER_BOUND ( 'NONE', #1650, .T. ) ;
#2067 = FILL_AREA_STYLE_COLOUR ( '', #932 ) ;
#2068 = EDGE_CURVE ( 'NONE', #2817, #2911, #988, .T. ) ;
#2069 = DIRECTION ( 'NONE',  ( 0.000000000000000000, 0.000000000000000000, -1.000000000000000000 ) ) ;
#2070 = LINE ( 'NONE', #899, #2760 ) ;
#2071 = EDGE_CURVE ( 'NONE', #1080, #473, #2576, .T. ) ;
#2072 = DIRECTION ( 'NONE',  ( 0.000000000000000000, -0.000000000000000000, 1.000000000000000000 ) ) ;
#2073 = VERTEX_POINT ( 'NONE', #2357 ) ;
#2074 = SURFACE_STYLE_FILL_AREA ( #2100 ) ;
#2075 = ORIENTED_EDGE ( 'NONE', *, *, #449, .T. ) ;
#2076 = VECTOR ( 'NONE', #1853, 1000.000000000000000 ) ;
#2077 = CARTESIAN_POINT ( 'NONE',  ( -0.6000000000000004219, 0.2600000000000000644, -1.149999999999999689 ) ) ;
#2078 = AXIS2_PLACEMENT_3D ( 'NONE', #1483, #742, #530 ) ;
#2079 = FILL_AREA_STYLE ('',( #19 ) ) ;
#2080 = DIRECTION ( 'NONE',  ( -1.000000000000000000, -0.000000000000000000, -0.000000000000000000 ) ) ;
#2081 = PRESENTATION_STYLE_ASSIGNMENT (( #1583 ) ) ;
#2082 = DIRECTION ( 'NONE',  ( 0.000000000000000000, 0.000000000000000000, 1.000000000000000000 ) ) ;
#2083 = MECHANICAL_DESIGN_GEOMETRIC_PRESENTATION_REPRESENTATION (  '', ( #384 ), #773 ) ;
#2084 = EDGE_CURVE ( 'NONE', #803, #1457, #1774, .T. ) ;
#2085 = CIRCLE ( 'NONE', #2796, 0.3199255020153238260 ) ;
#2086 = UNCERTAINTY_MEASURE_WITH_UNIT (LENGTH_MEASURE( 1.000000000000000082E-05 ), #843, 'distance_accuracy_value', 'NONE');
#2087 = DIRECTION ( 'NONE',  ( 0.000000000000000000, -1.000000000000000000, -0.000000000000000000 ) ) ;
#2088 = ORIENTED_EDGE ( 'NONE', *, *, #1900, .F. ) ;
#2089 = DIRECTION ( 'NONE',  ( 0.000000000000000000, -1.000000000000000000, 0.000000000000000000 ) ) ;
#2090 = ORIENTED_EDGE ( 'NONE', *, *, #1673, .F. ) ;
#2091 = EDGE_CURVE ( 'NONE', #859, #1831, #2668, .T. ) ;
#2092 = DIRECTION ( 'NONE',  ( 3.721391475782141034E-16, 0.000000000000000000, 1.000000000000000000 ) ) ;
#2093 = CARTESIAN_POINT ( 'NONE',  ( -1.370000000000000107, 0.2600000000000000644, -1.250000000000000222 ) ) ;
#2094 = STYLED_ITEM ( 'NONE', ( #1308 ), #2162 ) ;
#2095 = CARTESIAN_POINT ( 'NONE',  ( -1.500000000000000000, 0.5800000000000000711, -0.3499999999999996447 ) ) ;
#2096 = DIRECTION ( 'NONE',  ( -0.000000000000000000, -0.000000000000000000, -1.000000000000000000 ) ) ;
#2097 = STYLED_ITEM ( 'NONE', ( #402 ), #2845 ) ;
#2098 = ORIENTED_EDGE ( 'NONE', *, *, #2910, .F. ) ;
#2099 =( GEOMETRIC_REPRESENTATION_CONTEXT ( 3 ) GLOBAL_UNCERTAINTY_ASSIGNED_CONTEXT ( ( #2755 ) ) GLOBAL_UNIT_ASSIGNED_CONTEXT ( ( #691, #1829, #2532 ) ) REPRESENTATION_CONTEXT ( 'NONE', 'WORKASPACE' ) );
#2100 = FILL_AREA_STYLE ('',( #904 ) ) ;
#2101 = VECTOR ( 'NONE', #537, 1000.000000000000000 ) ;
#2102 = EDGE_LOOP ( 'NONE', ( #690, #617, #1208, #2641 ) ) ;
#2103 = CARTESIAN_POINT ( 'NONE',  ( 1.600000000000000089, 0.000000000000000000, 0.000000000000000000 ) ) ;
#2104 = EDGE_CURVE ( 'NONE', #1315, #975, #603, .T. ) ;
#2105 =( GEOMETRIC_REPRESENTATION_CONTEXT ( 3 ) GLOBAL_UNCERTAINTY_ASSIGNED_CONTEXT ( ( #591 ) ) GLOBAL_UNIT_ASSIGNED_CONTEXT ( ( #880, #64, #1019 ) ) REPRESENTATION_CONTEXT ( 'NONE', 'WORKASPACE' ) );
#2106 = PLANE ( 'NONE',  #2215 ) ;
#2107 = DIRECTION ( 'NONE',  ( 0.000000000000000000, 1.000000000000000000, 0.000000000000000000 ) ) ;
#2108 = LINE ( 'NONE', #1649, #2834 ) ;
#2109 = LINE ( 'NONE', #1168, #1791 ) ;
#2110 = LINE ( 'NONE', #270, #1354 ) ;
#2111 = VERTEX_POINT ( 'NONE', #2488 ) ;
#2112 = LINE ( 'NONE', #519, #70 ) ;
#2113 = CARTESIAN_POINT ( 'NONE',  ( -1.270710678118654346, -8.172166012390907837E-18, 1.020710678118654791 ) ) ;
#2114 = CARTESIAN_POINT ( 'NONE',  ( -0.6000000000000000888, 0.5600000000000000533, 0.3499999999999998113 ) ) ;
#2115 = ORIENTED_EDGE ( 'NONE', *, *, #1172, .F. ) ;
#2116 = FACE_OUTER_BOUND ( 'NONE', #1421, .T. ) ;
#2117 = DIRECTION ( 'NONE',  ( 0.000000000000000000, 0.000000000000000000, 1.000000000000000000 ) ) ;
#2118 = EDGE_CURVE ( 'NONE', #489, #2335, #887, .T. ) ;
#2119 = STYLED_ITEM ( 'NONE', ( #1045 ), #295 ) ;
#2120 = CARTESIAN_POINT ( 'NONE',  ( 1.589761634198785023, 0.2600000000000000644, -1.239761634198784934 ) ) ;
#2121 = CARTESIAN_POINT ( 'NONE',  ( 1.600000000000000089, 0.000000000000000000, 1.250000000000000000 ) ) ;
#2122 = VECTOR ( 'NONE', #1857, 1000.000000000000000 ) ;
#2123 = VECTOR ( 'NONE', #1914, 1000.000000000000000 ) ;
#2124 = FILL_AREA_STYLE_COLOUR ( '', #527 ) ;
#2125 = ORIENTED_EDGE ( 'NONE', *, *, #1710, .F. ) ;
#2126 = SURFACE_STYLE_USAGE ( .BOTH. , #1229 ) ;
#2127 = MECHANICAL_DESIGN_GEOMETRIC_PRESENTATION_REPRESENTATION (  '', ( #1116 ), #917 ) ;
#2128 = DIRECTION ( 'NONE',  ( 1.000000000000000000, -0.000000000000000000, 0.000000000000000000 ) ) ;
#2129 = VERTEX_POINT ( 'NONE', #2225 ) ;
#2130 = DIRECTION ( 'NONE',  ( 0.000000000000000000, 0.000000000000000000, -1.000000000000000000 ) ) ;
#2131 = APPLICATION_PROTOCOL_DEFINITION ( 'draft international standard', 'automotive_design', 1998, #1278 ) ;
#2132 = AXIS2_PLACEMENT_3D ( 'NONE', #1534, #2732, #174 ) ;
#2133 = DIRECTION ( 'NONE',  ( 1.000000000000000000, 0.000000000000000000, 0.000000000000000000 ) ) ;
#2134 = EDGE_LOOP ( 'NONE', ( #720, #2522, #2779, #957, #1846, #905, #2546, #1612, #881, #271, #2713 ) ) ;
#2135 = DIRECTION ( 'NONE',  ( 0.000000000000000000, 0.000000000000000000, -1.000000000000000000 ) ) ;
#2136 = CARTESIAN_POINT ( 'NONE',  ( 1.589761634198785023, 0.5600000000000000533, -0.9198361321834610527 ) ) ;
#2137 = ADVANCED_FACE ( 'NONE', ( #613 ), #2685, .F. ) ;
#2138 = FILL_AREA_STYLE ('',( #2389 ) ) ;
#2139 = PRESENTATION_STYLE_ASSIGNMENT (( #2851 ) ) ;
#2140 = VERTEX_POINT ( 'NONE', #2471 ) ;
#2141 = FILL_AREA_STYLE ('',( #1003 ) ) ;
#2142 = VECTOR ( 'NONE', #2797, 1000.000000000000000 ) ;
#2143 = ORIENTED_EDGE ( 'NONE', *, *, #2182, .F. ) ;
#2144 = ORIENTED_EDGE ( 'NONE', *, *, #2312, .T. ) ;
#2145 = CARTESIAN_POINT ( 'NONE',  ( -1.229289321881345431, -0.1000000000000000056, 0.9792893218813450984 ) ) ;
#2146 = AXIS2_PLACEMENT_3D ( 'NONE', #1480, #1223, #2135 ) ;
#2147 = AXIS2_PLACEMENT_3D ( 'NONE', #2510, #684, #237 ) ;
#2148 =( GEOMETRIC_REPRESENTATION_CONTEXT ( 3 ) GLOBAL_UNCERTAINTY_ASSIGNED_CONTEXT ( ( #2065 ) ) GLOBAL_UNIT_ASSIGNED_CONTEXT ( ( #800, #1950, #2396 ) ) REPRESENTATION_CONTEXT ( 'NONE', 'WORKASPACE' ) );
#2149 =( NAMED_UNIT ( * ) SI_UNIT ( $, .STERADIAN. ) SOLID_ANGLE_UNIT ( ) );
#2150 = ORIENTED_EDGE ( 'NONE', *, *, #1245, .T. ) ;
#2151 = AXIS2_PLACEMENT_3D ( 'NONE', #570, #1044, #1966 ) ;
#2152 = DIRECTION ( 'NONE',  ( 0.000000000000000000, 0.000000000000000000, 1.000000000000000000 ) ) ;
#2153 = FILL_AREA_STYLE ('',( #952 ) ) ;
#2154 =( GEOMETRIC_REPRESENTATION_CONTEXT ( 3 ) GLOBAL_UNCERTAINTY_ASSIGNED_CONTEXT ( ( #807 ) ) GLOBAL_UNIT_ASSIGNED_CONTEXT ( ( #1302, #1547, #609 ) ) REPRESENTATION_CONTEXT ( 'NONE', 'WORKASPACE' ) );
#2155 =( NAMED_UNIT ( * ) PLANE_ANGLE_UNIT ( ) SI_UNIT ( $, .RADIAN. ) );
#2156 = PRESENTATION_LAYER_ASSIGNMENT (  '', '', ( #2968 ) ) ;
#2157 = SURFACE_STYLE_FILL_AREA ( #756 ) ;
#2158 = VERTEX_POINT ( 'NONE', #381 ) ;
#2159 = DIRECTION ( 'NONE',  ( -1.000000000000000000, 0.000000000000000000, 0.000000000000000000 ) ) ;
#2160 = PRODUCT_DEFINITION ( 'UNKNOWN', '', #1089, #1850 ) ;
#2161 = DIRECTION ( 'NONE',  ( -1.000000000000000000, 0.000000000000000000, 0.000000000000000000 ) ) ;
#2162 = ADVANCED_FACE ( 'NONE', ( #2444 ), #598, .T. ) ;
#2163 = EDGE_LOOP ( 'NONE', ( #2673, #1028, #2401, #553, #736, #1276, #919, #178, #418, #2201, #2508, #2738 ) ) ;
#2164 = SURFACE_SIDE_STYLE ('',( #2429 ) ) ;
#2165 = VERTEX_POINT ( 'NONE', #830 ) ;
#2166 = DIRECTION ( 'NONE',  ( -0.000000000000000000, 0.000000000000000000, -1.000000000000000000 ) ) ;
#2167 = DIRECTION ( 'NONE',  ( 1.000000000000000000, 0.000000000000000000, 0.000000000000000000 ) ) ;
#2168 = SURFACE_SIDE_STYLE ('',( #1234 ) ) ;
#2169 = CARTESIAN_POINT ( 'NONE',  ( 1.250000000000000000, -0.1000000000000000056, -0.9499999999999999556 ) ) ;
#2170 = EDGE_LOOP ( 'NONE', ( #1909, #625, #931, #1361 ) ) ;
#2171 = CARTESIAN_POINT ( 'NONE',  ( 1.500000000000000000, 0.2600000000000000644, 0.3499999999999994782 ) ) ;
#2172 = VECTOR ( 'NONE', #2958, 1000.000000000000000 ) ;
#2173 = DIRECTION ( 'NONE',  ( 0.000000000000000000, 1.000000000000000000, 0.000000000000000000 ) ) ;
#2174 = ORIENTED_EDGE ( 'NONE', *, *, #2963, .T. ) ;
#2175 = LINE ( 'NONE', #2853, #1504 ) ;
#2176 = CARTESIAN_POINT ( 'NONE',  ( 1.600000000000000089, 0.2600000000000000644, 1.250000000000000000 ) ) ;
#2177 = COLOUR_RGB ( '',0.9686274509803921573, 0.8784313725490195957, 0.5999999999999999778 ) ;
#2178 = ORIENTED_EDGE ( 'NONE', *, *, #2020, .F. ) ;
#2179 = DIRECTION ( 'NONE',  ( 0.000000000000000000, 0.000000000000000000, -1.000000000000000000 ) ) ;
#2180 = EDGE_LOOP ( 'NONE', ( #797, #1683, #748, #1795, #421, #1717, #2216, #1024, #100 ) ) ;
#2181 = STYLED_ITEM ( 'NONE', ( #893 ), #1066 ) ;
#2182 = EDGE_CURVE ( 'NONE', #2158, #276, #728, .T. ) ;
#2183 = PRESENTATION_LAYER_ASSIGNMENT (  '', '', ( #153 ) ) ;
#2184 = CARTESIAN_POINT ( 'NONE',  ( -1.589761634198785467, 0.5800000000000000711, -1.239761634198784490 ) ) ;
#2185 = ORIENTED_EDGE ( 'NONE', *, *, #588, .T. ) ;
#2186 =( NAMED_UNIT ( * ) SI_UNIT ( $, .STERADIAN. ) SOLID_ANGLE_UNIT ( ) );
#2187 =( NAMED_UNIT ( * ) PLANE_ANGLE_UNIT ( ) SI_UNIT ( $, .RADIAN. ) );
#2188 = AXIS2_PLACEMENT_3D ( 'NONE', #226, #2745, #912 ) ;
#2189 =( BOUNDED_CURVE ( )  B_SPLINE_CURVE ( 3, ( #2590, #281, #326, #1910 ),
 .UNSPECIFIED., .F., .T. ) 
 B_SPLINE_CURVE_WITH_KNOTS ( ( 4, 4 ),
 ( 3.141592653589793116, 4.712388980384689674 ),
 .UNSPECIFIED. ) 
 CURVE ( )  GEOMETRIC_REPRESENTATION_ITEM ( )  RATIONAL_B_SPLINE_CURVE ( ( 1.000000000000000000, 0.8047378541243649375, 0.8047378541243649375, 1.000000000000000000 ) ) 
 REPRESENTATION_ITEM ( '' )  );
#2190 = ADVANCED_FACE ( 'NONE', ( #1463 ), #1190, .T. ) ;
#2191 = FACE_OUTER_BOUND ( 'NONE', #1903, .T. ) ;
#2192 = ORIENTED_EDGE ( 'NONE', *, *, #2618, .T. ) ;
#2193 = PRESENTATION_STYLE_ASSIGNMENT (( #1025 ) ) ;
#2194 = DIRECTION ( 'NONE',  ( -0.000000000000000000, -1.000000000000000000, 0.000000000000000000 ) ) ;
#2195 = ORIENTED_EDGE ( 'NONE', *, *, #729, .T. ) ;
#2196 = CARTESIAN_POINT ( 'NONE',  ( 1.499999999999999778, 0.5600000000000000533, -5.582087213673210565E-16 ) ) ;
#2197 =( NAMED_UNIT ( * ) SI_UNIT ( $, .STERADIAN. ) SOLID_ANGLE_UNIT ( ) );
#2198 = AXIS2_PLACEMENT_3D ( 'NONE', #503, #1635, #2361 ) ;
#2199 = EDGE_CURVE ( 'NONE', #589, #2111, #2112, .T. ) ;
#2200 = CARTESIAN_POINT ( 'NONE',  ( -1.599999999999999423, 0.5800000000000000711, 1.020000000000000018 ) ) ;
#2201 = ORIENTED_EDGE ( 'NONE', *, *, #1337, .T. ) ;
#2202 = MECHANICAL_DESIGN_GEOMETRIC_PRESENTATION_REPRESENTATION (  '', ( #121 ), #740 ) ;
#2203 = CARTESIAN_POINT ( 'NONE',  ( 1.600000000000000089, 0.000000000000000000, -1.000000000000000000 ) ) ;
#2204 = MECHANICAL_DESIGN_GEOMETRIC_PRESENTATION_REPRESENTATION (  '', ( #2538 ), #2808 ) ;
#2205 = AXIS2_PLACEMENT_3D ( 'NONE', #1580, #2051, #454 ) ;
#2206 = VERTEX_POINT ( 'NONE', #2584 ) ;
#2207 = UNCERTAINTY_MEASURE_WITH_UNIT (LENGTH_MEASURE( 1.000000000000000082E-05 ), #1065, 'distance_accuracy_value', 'NONE');
#2208 = AXIS2_PLACEMENT_3D ( 'NONE', #259, #2826, #556 ) ;
#2209 = DIRECTION ( 'NONE',  ( 0.000000000000000000, 0.000000000000000000, 1.000000000000000000 ) ) ;
#2210 = SURFACE_SIDE_STYLE ('',( #1022 ) ) ;
#2211 = SURFACE_STYLE_FILL_AREA ( #623 ) ;
#2212 = DIRECTION ( 'NONE',  ( 0.000000000000000000, -0.000000000000000000, 1.000000000000000000 ) ) ;
#2213 = SURFACE_STYLE_FILL_AREA ( #1562 ) ;
#2214 = DIRECTION ( 'NONE',  ( 0.000000000000000000, 0.000000000000000000, 1.000000000000000000 ) ) ;
#2215 = AXIS2_PLACEMENT_3D ( 'NONE', #118, #2461, #2659 ) ;
#2216 = ORIENTED_EDGE ( 'NONE', *, *, #1392, .T. ) ;
#2217 = CARTESIAN_POINT ( 'NONE',  ( 1.282686438414885055, 0.2600000000000000644, -1.149999999999999911 ) ) ;
#2218 = CYLINDRICAL_SURFACE ( 'NONE', #682, 0.3199255020153238260 ) ;
#2219 = DIRECTION ( 'NONE',  ( 0.000000000000000000, 0.000000000000000000, -1.000000000000000000 ) ) ;
#2220 =( LENGTH_UNIT ( ) NAMED_UNIT ( * ) SI_UNIT ( .MILLI., .METRE. ) );
#2221 = SURFACE_STYLE_FILL_AREA ( #524 ) ;
#2222 = VERTEX_POINT ( 'NONE', #2381 ) ;
#2223 = EDGE_CURVE ( 'NONE', #1662, #812, #976, .T. ) ;
#2224 = PRESENTATION_LAYER_ASSIGNMENT (  '', '', ( #428 ) ) ;
#2225 = CARTESIAN_POINT ( 'NONE',  ( -1.500000000000000000, 0.5600000000000000533, -0.3499999999999996447 ) ) ;
#2226 = FILL_AREA_STYLE ('',( #1748 ) ) ;
#2227 = SURFACE_STYLE_USAGE ( .BOTH. , #152 ) ;
#2228 = MECHANICAL_DESIGN_GEOMETRIC_PRESENTATION_REPRESENTATION (  '', ( #2425 ), #380 ) ;
#2229 = FILL_AREA_STYLE ('',( #1765 ) ) ;
#2230 = VERTEX_POINT ( 'NONE', #2613 ) ;
#2231 = CARTESIAN_POINT ( 'NONE',  ( 1.270000000000000240, 0.5600000000000000533, 1.250000000000000000 ) ) ;
#2232 = MECHANICAL_DESIGN_GEOMETRIC_PRESENTATION_REPRESENTATION (  '', ( #1636 ), #472 ) ;
#2233 = UNCERTAINTY_MEASURE_WITH_UNIT (LENGTH_MEASURE( 1.000000000000000082E-05 ), #2387, 'distance_accuracy_value', 'NONE');
#2234 =( NAMED_UNIT ( * ) SI_UNIT ( $, .STERADIAN. ) SOLID_ANGLE_UNIT ( ) );
#2235 = ADVANCED_FACE ( 'NONE', ( #74, #1243 ), #1949, .F. ) ;
#2236 = CARTESIAN_POINT ( 'NONE',  ( 1.200000000000000178, -0.1000000000000000056, -0.9499999999999999556 ) ) ;
#2237 = ORIENTED_EDGE ( 'NONE', *, *, #1917, .F. ) ;
#2238 =( NAMED_UNIT ( * ) PLANE_ANGLE_UNIT ( ) SI_UNIT ( $, .RADIAN. ) );
#2239 = FACE_OUTER_BOUND ( 'NONE', #2256, .T. ) ;
#2240 = LINE ( 'NONE', #117, #936 ) ;
#2241 = VERTEX_POINT ( 'NONE', #763 ) ;
#2242 = STYLED_ITEM ( 'NONE', ( #1874 ), #2721 ) ;
#2243 = VECTOR ( 'NONE', #1384, 1000.000000000000000 ) ;
#2244 = CARTESIAN_POINT ( 'NONE',  ( 1.600000000000000089, 0.2600000000000000644, -1.250000000000000000 ) ) ;
#2245 = FILL_AREA_STYLE ('',( #2036 ) ) ;
#2246 = EDGE_LOOP ( 'NONE', ( #1983, #1339 ) ) ;
#2247 = DIRECTION ( 'NONE',  ( 0.000000000000000000, -1.000000000000000000, 0.000000000000000000 ) ) ;
#2248 = PRESENTATION_LAYER_ASSIGNMENT (  '', '', ( #1569 ) ) ;
#2249 = CARTESIAN_POINT ( 'NONE',  ( 1.300000000000000044, 0.000000000000000000, 1.050000000000000044 ) ) ;
#2250 = EDGE_CURVE ( 'NONE', #889, #2947, #1685, .T. ) ;
#2251 = ADVANCED_BREP_SHAPE_REPRESENTATION ( 'FL2400022', ( #2721, #2539 ), #23 ) ;
#2252 = SURFACE_SIDE_STYLE ('',( #1322 ) ) ;
#2253 = CARTESIAN_POINT ( 'NONE',  ( 1.589761634198785023, 0.5800000000000000711, -1.239761634198784934 ) ) ;
#2254 = COLOUR_RGB ( '',0.9686274509803921573, 0.8784313725490195957, 0.5999999999999999778 ) ;
#2255 = DIRECTION ( 'NONE',  ( 0.000000000000000000, 0.000000000000000000, -1.000000000000000000 ) ) ;
#2256 = EDGE_LOOP ( 'NONE', ( #2701, #640, #1213, #2717 ) ) ;
#2257 = FILL_AREA_STYLE_COLOUR ( '', #1954 ) ;
#2258 = DIRECTION ( 'NONE',  ( -1.000000000000000000, 0.000000000000000000, 0.000000000000000000 ) ) ;
#2259 = EDGE_CURVE ( 'NONE', #2029, #2947, #1701, .T. ) ;
#2260 = LINE ( 'NONE', #1067, #2501 ) ;
#2261 = ORIENTED_EDGE ( 'NONE', *, *, #507, .T. ) ;
#2262 = CARTESIAN_POINT ( 'NONE',  ( -2.108170890944039741E-16, 0.5600000000000000533, -0.3500000000000005329 ) ) ;
#2263 = DIRECTION ( 'NONE',  ( 0.000000000000000000, 0.000000000000000000, -1.000000000000000000 ) ) ;
#2264 = EDGE_CURVE ( 'NONE', #276, #2929, #319, .T. ) ;
#2265 = FILL_AREA_STYLE_COLOUR ( '', #191 ) ;
#2266 = ORIENTED_EDGE ( 'NONE', *, *, #2071, .T. ) ;
#2267 = SURFACE_STYLE_FILL_AREA ( #1340 ) ;
#2268 = CARTESIAN_POINT ( 'NONE',  ( -1.589761634198784801, 0.2600000000000000644, 1.239761634198784934 ) ) ;
#2269 = COLOUR_RGB ( '',0.9686274509803921573, 0.8784313725490195957, 0.5999999999999999778 ) ;
#2270 = ORIENTED_EDGE ( 'NONE', *, *, #1847, .F. ) ;
#2271 = COLOUR_RGB ( '',0.9686274509803921573, 0.8784313725490195957, 0.5999999999999999778 ) ;
#2272 = PRESENTATION_STYLE_ASSIGNMENT (( #891 ) ) ;
#2273 = VECTOR ( 'NONE', #2551, 1000.000000000000000 ) ;
#2274 = FACE_OUTER_BOUND ( 'NONE', #965, .T. ) ;
#2275 = SURFACE_STYLE_USAGE ( .BOTH. , #1604 ) ;
#2276 = DIRECTION ( 'NONE',  ( 0.000000000000000000, 0.000000000000000000, 1.000000000000000000 ) ) ;
#2277 = ORIENTED_EDGE ( 'NONE', *, *, #1764, .F. ) ;
#2278 = LINE ( 'NONE', #198, #403 ) ;
#2279 = EDGE_CURVE ( 'NONE', #2980, #431, #1889, .T. ) ;
#2280 = LINE ( 'NONE', #1127, #984 ) ;
#2281 = VECTOR ( 'NONE', #2159, 1000.000000000000000 ) ;
#2282 = VECTOR ( 'NONE', #1727, 1000.000000000000000 ) ;
#2283 = SURFACE_STYLE_USAGE ( .BOTH. , #2314 ) ;
#2284 =( BOUNDED_CURVE ( )  B_SPLINE_CURVE ( 3, ( #2627, #2895, #306, #1014 ),
 .UNSPECIFIED., .F., .T. ) 
 B_SPLINE_CURVE_WITH_KNOTS ( ( 4, 4 ),
 ( 0.000000000000000000, 1.570796326794896558 ),
 .UNSPECIFIED. ) 
 CURVE ( )  GEOMETRIC_REPRESENTATION_ITEM ( )  RATIONAL_B_SPLINE_CURVE ( ( 1.000000000000000000, 0.8047378541243649375, 0.8047378541243649375, 1.000000000000000000 ) ) 
 REPRESENTATION_ITEM ( '' )  );
#2285 = CARTESIAN_POINT ( 'NONE',  ( -1.589761634198785467, 0.2600000000000000644, -1.239761634198784490 ) ) ;
#2286 = SURFACE_STYLE_FILL_AREA ( #688 ) ;
#2287 = EDGE_CURVE ( 'NONE', #473, #2029, #85, .T. ) ;
#2288 = ORIENTED_EDGE ( 'NONE', *, *, #1815, .T. ) ;
#2289 = SURFACE_STYLE_USAGE ( .BOTH. , #1134 ) ;
#2290 = EDGE_CURVE ( 'NONE', #1680, #853, #2855, .T. ) ;
#2291 = ORIENTED_EDGE ( 'NONE', *, *, #10, .T. ) ;
#2292 = CARTESIAN_POINT ( 'NONE',  ( -1.350000000000000311, 0.5600000000000000533, 1.250000000000000000 ) ) ;
#2293 = FACE_OUTER_BOUND ( 'NONE', #2134, .T. ) ;
#2294 = AXIS2_PLACEMENT_3D ( 'NONE', #660, #413, #672 ) ;
#2295 =( NAMED_UNIT ( * ) PLANE_ANGLE_UNIT ( ) SI_UNIT ( $, .RADIAN. ) );
#2296 =( NAMED_UNIT ( * ) PLANE_ANGLE_UNIT ( ) SI_UNIT ( $, .RADIAN. ) );
#2297 =( NAMED_UNIT ( * ) SI_UNIT ( $, .STERADIAN. ) SOLID_ANGLE_UNIT ( ) );
#2298 = VERTEX_POINT ( 'NONE', #102 ) ;
#2299 =( LENGTH_UNIT ( ) NAMED_UNIT ( * ) SI_UNIT ( .MILLI., .METRE. ) );
#2300 =( NAMED_UNIT ( * ) SI_UNIT ( $, .STERADIAN. ) SOLID_ANGLE_UNIT ( ) );
#2301 = STYLED_ITEM ( 'NONE', ( #2791 ), #2781 ) ;
#2302 = UNCERTAINTY_MEASURE_WITH_UNIT (LENGTH_MEASURE( 1.000000000000000082E-05 ), #324, 'distance_accuracy_value', 'NONE');
#2303 = CYLINDRICAL_SURFACE ( 'NONE', #1834, 0.2499999999999997780 ) ;
#2304 = CARTESIAN_POINT ( 'NONE',  ( -1.499999999999999778, 0.5600000000000000533, 0.9326864384148849663 ) ) ;
#2305 = SURFACE_STYLE_USAGE ( .BOTH. , #1584 ) ;
#2306 = DIRECTION ( 'NONE',  ( 0.000000000000000000, 1.000000000000000000, -0.000000000000000000 ) ) ;
#2307 = EDGE_LOOP ( 'NONE', ( #2610, #2288, #2766, #1103 ) ) ;
#2308 = MECHANICAL_DESIGN_GEOMETRIC_PRESENTATION_REPRESENTATION (  '', ( #1963 ), #2105 ) ;
#2309 = VERTEX_POINT ( 'NONE', #799 ) ;
#2310 = CARTESIAN_POINT ( 'NONE',  ( -1.599999999999999645, 0.2600000000000000644, 0.9200000000000000400 ) ) ;
#2311 = CARTESIAN_POINT ( 'NONE',  ( -1.500000000000000000, 0.5600000000000000533, -0.9326864384148847442 ) ) ;
#2312 = EDGE_CURVE ( 'NONE', #981, #2858, #1719, .T. ) ;
#2313 = SURFACE_STYLE_USAGE ( .BOTH. , #1821 ) ;
#2314 = SURFACE_SIDE_STYLE ('',( #2744 ) ) ;
#2315 = DIRECTION ( 'NONE',  ( -0.000000000000000000, -1.000000000000000000, -0.000000000000000000 ) ) ;
#2316 = SURFACE_STYLE_FILL_AREA ( #943 ) ;
#2317 = ORIENTED_EDGE ( 'NONE', *, *, #729, .F. ) ;
#2318 = EDGE_CURVE ( 'NONE', #1240, #1347, #366, .T. ) ;
#2319 = AXIS2_PLACEMENT_3D ( 'NONE', #1149, #709, #2117 ) ;
#2320 = ORIENTED_EDGE ( 'NONE', *, *, #1925, .T. ) ;
#2321 =( GEOMETRIC_REPRESENTATION_CONTEXT ( 3 ) GLOBAL_UNCERTAINTY_ASSIGNED_CONTEXT ( ( #2233 ) ) GLOBAL_UNIT_ASSIGNED_CONTEXT ( ( #2387, #2155, #1369 ) ) REPRESENTATION_CONTEXT ( 'NONE', 'WORKASPACE' ) );
#2322 = AXIS2_PLACEMENT_3D ( 'NONE', #971, #579, #851 ) ;
#2323 = SURFACE_STYLE_FILL_AREA ( #1801 ) ;
#2324 = DIRECTION ( 'NONE',  ( 3.614007241618349264E-16, -0.000000000000000000, 1.000000000000000000 ) ) ;
#2325 = DIRECTION ( 'NONE',  ( 0.000000000000000000, 1.000000000000000000, 0.000000000000000000 ) ) ;
#2326 = AXIS2_PLACEMENT_3D ( 'NONE', #2383, #1688, #2448 ) ;
#2327 = EDGE_CURVE ( 'NONE', #2363, #2776, #1956, .T. ) ;
#2328 = CARTESIAN_POINT ( 'NONE',  ( -0.5999999999999997558, 0.5600000000000000533, 3.252606517456513795E-16 ) ) ;
#2329 =( NAMED_UNIT ( * ) SI_UNIT ( $, .STERADIAN. ) SOLID_ANGLE_UNIT ( ) );
#2330 = PRESENTATION_LAYER_ASSIGNMENT (  '', '', ( #631 ) ) ;
#2331 = FACE_OUTER_BOUND ( 'NONE', #1192, .T. ) ;
#2332 = PRESENTATION_LAYER_ASSIGNMENT (  '', '', ( #637 ) ) ;
#2333 = ADVANCED_FACE ( 'NONE', ( #1296 ), #1995, .F. ) ;
#2334 = SURFACE_STYLE_FILL_AREA ( #1402 ) ;
#2335 = VERTEX_POINT ( 'NONE', #1749 ) ;
#2336 = PRESENTATION_STYLE_ASSIGNMENT (( #663 ) ) ;
#2337 = DIRECTION ( 'NONE',  ( 0.000000000000000000, -0.000000000000000000, -1.000000000000000000 ) ) ;
#2338 = EDGE_LOOP ( 'NONE', ( #2704, #84, #1927, #1042 ) ) ;
#2339 = DIRECTION ( 'NONE',  ( 0.000000000000000000, 1.000000000000000000, -0.000000000000000000 ) ) ;
#2340 =( NAMED_UNIT ( * ) SI_UNIT ( $, .STERADIAN. ) SOLID_ANGLE_UNIT ( ) );
#2341 = FACE_OUTER_BOUND ( 'NONE', #1894, .T. ) ;
#2342 = EDGE_CURVE ( 'NONE', #2518, #2309, #2240, .T. ) ;
#2343 = VECTOR ( 'NONE', #43, 1000.000000000000000 ) ;
#2344 = DIRECTION ( 'NONE',  ( 0.000000000000000000, 1.000000000000000000, 0.000000000000000000 ) ) ;
#2345 = FILL_AREA_STYLE ('',( #1128 ) ) ;
#2346 = CARTESIAN_POINT ( 'NONE',  ( -0.6000000000000000888, 0.5800000000000000711, 1.149999999999999689 ) ) ;
#2347 = CIRCLE ( 'NONE', #444, 0.2499999999999997780 ) ;
#2348 = CYLINDRICAL_SURFACE ( 'NONE', #2198, 0.2200000000000001399 ) ;
#2349 = LINE ( 'NONE', #1511, #46 ) ;
#2350 = ORIENTED_EDGE ( 'NONE', *, *, #1253, .F. ) ;
#2351 = CARTESIAN_POINT ( 'NONE',  ( -0.6000000000000004219, 0.5800000000000000711, -1.149999999999999689 ) ) ;
#2352 = EDGE_CURVE ( 'NONE', #1669, #1918, #847, .T. ) ;
#2353 = AXIS2_PLACEMENT_3D ( 'NONE', #2253, #871, #1794 ) ;
#2354 = MECHANICAL_DESIGN_GEOMETRIC_PRESENTATION_REPRESENTATION (  '', ( #1179 ), #1814 ) ;
#2355 = EDGE_LOOP ( 'NONE', ( #2602, #1325, #2653, #1513 ) ) ;
#2356 = LINE ( 'NONE', #1349, #2450 ) ;
#2357 = CARTESIAN_POINT ( 'NONE',  ( -1.350000000000000311, 0.000000000000000000, -1.250000000000000000 ) ) ;
#2358 = EDGE_CURVE ( 'NONE', #2858, #1080, #2499, .T. ) ;
#2359 = CARTESIAN_POINT ( 'NONE',  ( 1.589761634198785245, 0.5800000000000000711, 1.239761634198784490 ) ) ;
#2360 = EDGE_LOOP ( 'NONE', ( #377, #2174, #1671, #1942 ) ) ;
#2361 = DIRECTION ( 'NONE',  ( 0.000000000000000000, 0.000000000000000000, 1.000000000000000000 ) ) ;
#2362 = CYLINDRICAL_SURFACE ( 'NONE', #236, 0.04999999999999991257 ) ;
#2363 = VERTEX_POINT ( 'NONE', #630 ) ;
#2364 = CARTESIAN_POINT ( 'NONE',  ( 0.9500000000000000666, -0.1000000000000000056, 0.6999999999999999556 ) ) ;
#2365 = CARTESIAN_POINT ( 'NONE',  ( -1.200000000000000178, -0.05000000000000000278, -1.000000000000000000 ) ) ;
#2366 = EDGE_CURVE ( 'NONE', #1248, #2817, #383, .T. ) ;
#2367 = DIRECTION ( 'NONE',  ( 0.000000000000000000, 1.000000000000000000, 0.000000000000000000 ) ) ;
#2368 = VERTEX_POINT ( 'NONE', #1263 ) ;
#2369 = STYLED_ITEM ( 'NONE', ( #310 ), #396 ) ;
#2370 = SURFACE_STYLE_USAGE ( .BOTH. , #1425 ) ;
#2371 = VECTOR ( 'NONE', #2325, 1000.000000000000000 ) ;
#2372 =( GEOMETRIC_REPRESENTATION_CONTEXT ( 3 ) GLOBAL_UNCERTAINTY_ASSIGNED_CONTEXT ( ( #2846 ) ) GLOBAL_UNIT_ASSIGNED_CONTEXT ( ( #1546, #1972, #1079 ) ) REPRESENTATION_CONTEXT ( 'NONE', 'WORKASPACE' ) );
#2373 = DIRECTION ( 'NONE',  ( 0.000000000000000000, 1.000000000000000000, 0.000000000000000000 ) ) ;
#2374 = ORIENTED_EDGE ( 'NONE', *, *, #1933, .F. ) ;
#2375 = LINE ( 'NONE', #284, #2282 ) ;
#2376 = LINE ( 'NONE', #732, #1806 ) ;
#2377 = AXIS2_PLACEMENT_3D ( 'NONE', #230, #1859, #2775 ) ;
#2378 = ORIENTED_EDGE ( 'NONE', *, *, #2494, .T. ) ;
#2379 = FACE_OUTER_BOUND ( 'NONE', #1676, .T. ) ;
#2380 = ORIENTED_EDGE ( 'NONE', *, *, #934, .F. ) ;
#2381 = CARTESIAN_POINT ( 'NONE',  ( -1.282686438414885055, 0.5800000000000000711, -1.149999999999999689 ) ) ;
#2382 = VECTOR ( 'NONE', #2096, 1000.000000000000000 ) ;
#2383 = CARTESIAN_POINT ( 'NONE',  ( 1.589761634198785023, 0.5800000000000000711, -1.239761634198784934 ) ) ;
#2384 = VERTEX_POINT ( 'NONE', #1323 ) ;
#2385 =( NAMED_UNIT ( * ) PLANE_ANGLE_UNIT ( ) SI_UNIT ( $, .RADIAN. ) );
#2386 = EDGE_CURVE ( 'NONE', #681, #2443, #247, .T. ) ;
#2387 =( LENGTH_UNIT ( ) NAMED_UNIT ( * ) SI_UNIT ( .MILLI., .METRE. ) );
#2388 = EDGE_CURVE ( 'NONE', #2612, #2518, #1951, .T. ) ;
#2389 = FILL_AREA_STYLE_COLOUR ( '', #2254 ) ;
#2390 =( NAMED_UNIT ( * ) PLANE_ANGLE_UNIT ( ) SI_UNIT ( $, .RADIAN. ) );
#2391 = DIRECTION ( 'NONE',  ( 0.000000000000000000, -0.000000000000000000, 1.000000000000000000 ) ) ;
#2392 = LINE ( 'NONE', #269, #2671 ) ;
#2393 = VECTOR ( 'NONE', #1885, 999.9999999999998863 ) ;
#2394 = VERTEX_POINT ( 'NONE', #1279 ) ;
#2395 = ORIENTED_EDGE ( 'NONE', *, *, #1933, .T. ) ;
#2396 =( NAMED_UNIT ( * ) SI_UNIT ( $, .STERADIAN. ) SOLID_ANGLE_UNIT ( ) );
#2397 = STYLED_ITEM ( 'NONE', ( #1333 ), #1843 ) ;
#2398 = CARTESIAN_POINT ( 'NONE',  ( 0.5999999999999999778, 0.2600000000000000644, -1.149999999999999911 ) ) ;
#2399 = AXIS2_PLACEMENT_3D ( 'NONE', #165, #1998, #2675 ) ;
#2400 = DIRECTION ( 'NONE',  ( 0.000000000000000000, 0.000000000000000000, -1.000000000000000000 ) ) ;
#2401 = ORIENTED_EDGE ( 'NONE', *, *, #872, .T. ) ;
#2402 = COLOUR_RGB ( '',0.9686274509803921573, 0.8784313725490195957, 0.5999999999999999778 ) ;
#2403 = CARTESIAN_POINT ( 'NONE',  ( 1.370000000000000329, 0.2600000000000000644, 1.249999999999999778 ) ) ;
#2404 = SURFACE_SIDE_STYLE ('',( #1666 ) ) ;
#2405 =( GEOMETRIC_REPRESENTATION_CONTEXT ( 3 ) GLOBAL_UNCERTAINTY_ASSIGNED_CONTEXT ( ( #1075 ) ) GLOBAL_UNIT_ASSIGNED_CONTEXT ( ( #38, #1882, #2966 ) ) REPRESENTATION_CONTEXT ( 'NONE', 'WORKASPACE' ) );
#2406 = EDGE_CURVE ( 'NONE', #927, #318, #2874, .T. ) ;
#2407 = CARTESIAN_POINT ( 'NONE',  ( 1.370000000000000107, 0.2600000000000000644, -1.250000000000000222 ) ) ;
#2408 = VERTEX_POINT ( 'NONE', #585 ) ;
#2409 = DIRECTION ( 'NONE',  ( -1.000000000000000000, -0.000000000000000000, -4.336808689942016158E-15 ) ) ;
#2410 = ORIENTED_EDGE ( 'NONE', *, *, #951, .T. ) ;
#2411 = DIRECTION ( 'NONE',  ( 0.000000000000000000, 0.000000000000000000, 1.000000000000000000 ) ) ;
#2412 = VERTEX_POINT ( 'NONE', #1508 ) ;
#2413 = DIRECTION ( 'NONE',  ( 0.000000000000000000, 0.000000000000000000, -1.000000000000000000 ) ) ;
#2414 = APPLICATION_PROTOCOL_DEFINITION ( 'draft international standard', 'automotive_design', 1998, #1380 ) ;
#2415 = FILL_AREA_STYLE_COLOUR ( '', #820 ) ;
#2416 = UNCERTAINTY_MEASURE_WITH_UNIT (LENGTH_MEASURE( 1.000000000000000082E-05 ), #2647, 'distance_accuracy_value', 'NONE');
#2417 =( NAMED_UNIT ( * ) SI_UNIT ( $, .STERADIAN. ) SOLID_ANGLE_UNIT ( ) );
#2418 = ORIENTED_EDGE ( 'NONE', *, *, #872, .F. ) ;
#2419 = EDGE_CURVE ( 'NONE', #207, #997, #24, .T. ) ;
#2420 =( NAMED_UNIT ( * ) PLANE_ANGLE_UNIT ( ) SI_UNIT ( $, .RADIAN. ) );
#2421 = AXIS2_PLACEMENT_3D ( 'NONE', #1848, #1906, #1674 ) ;
#2422 = DIRECTION ( 'NONE',  ( -0.000000000000000000, -1.000000000000000000, -0.000000000000000000 ) ) ;
#2423 = EDGE_LOOP ( 'NONE', ( #2277, #1125, #2970, #2090 ) ) ;
#2424 = SURFACE_STYLE_FILL_AREA ( #2141 ) ;
#2425 = STYLED_ITEM ( 'NONE', ( #252 ), #762 ) ;
#2426 = UNCERTAINTY_MEASURE_WITH_UNIT (LENGTH_MEASURE( 1.000000000000000082E-05 ), #2923, 'distance_accuracy_value', 'NONE');
#2427 = VERTEX_POINT ( 'NONE', #135 ) ;
#2428 = CLOSED_SHELL ( 'NONE', ( #2137, #93, #2477, #65, #2507, #2447, #2897, #1784, #1264, #762, #144, #2927, #13, #1830, #295, #2442, #2850, #1568, #311, #192, #2781, #2802, #160, #767, #806, #4, #1543, #959, #1167, #1481, #522, #396, #1066, #557, #2845, #1843, #51, #1409, #693, #139, #1798, #2788, #1304, #2190, #2651, #242, #1053, #263, #1608, #2162, #1863, #1185, #2235, #1446, #673, #1275, #2944, #2690, #388, #2028, #429, #2333, #604 ) ) ;
#2429 = SURFACE_STYLE_FILL_AREA ( #798 ) ;
#2430 = COLOUR_RGB ( '',0.9686274509803921573, 0.8784313725490195957, 0.5999999999999999778 ) ;
#2431 = DIRECTION ( 'NONE',  ( -0.000000000000000000, 1.000000000000000000, 0.000000000000000000 ) ) ;
#2432 = LINE ( 'NONE', #1530, #373 ) ;
#2433 = VECTOR ( 'NONE', #2411, 1000.000000000000000 ) ;
#2434 = EDGE_LOOP ( 'NONE', ( #1390, #1953, #1449, #1159 ) ) ;
#2435 = SURFACE_STYLE_USAGE ( .BOTH. , #1209 ) ;
#2436 = PRESENTATION_LAYER_ASSIGNMENT (  '', '', ( #1257 ) ) ;
#2437 = PRODUCT ( 'FL2400022', 'FL2400022', '', ( #119 ) ) ;
#2438 = DIRECTION ( 'NONE',  ( 0.000000000000000000, 1.000000000000000000, 0.000000000000000000 ) ) ;
#2439 = LINE ( 'NONE', #1756, #382 ) ;
#2440 = SURFACE_SIDE_STYLE ('',( #1502 ) ) ;
#2441 = FILL_AREA_STYLE ('',( #170 ) ) ;
#2442 = ADVANCED_FACE ( 'NONE', ( #1058 ), #186, .F. ) ;
#2443 = VERTEX_POINT ( 'NONE', #202 ) ;
#2444 = FACE_OUTER_BOUND ( 'NONE', #2571, .T. ) ;
#2445 = DIRECTION ( 'NONE',  ( -0.000000000000000000, 1.000000000000000000, 0.000000000000000000 ) ) ;
#2446 = STYLED_ITEM ( 'NONE', ( #2597 ), #2507 ) ;
#2447 = ADVANCED_FACE ( 'NONE', ( #1371 ), #2746, .F. ) ;
#2448 = DIRECTION ( 'NONE',  ( 0.000000000000000000, 0.000000000000000000, -1.000000000000000000 ) ) ;
#2449 = ORIENTED_EDGE ( 'NONE', *, *, #1076, .F. ) ;
#2450 = VECTOR ( 'NONE', #2572, 1000.000000000000000 ) ;
#2451 = CARTESIAN_POINT ( 'NONE',  ( -1.500000000000000000, 0.5800000000000000711, 0.3499999999999998113 ) ) ;
#2452 = UNCERTAINTY_MEASURE_WITH_UNIT (LENGTH_MEASURE( 1.000000000000000082E-05 ), #1899, 'distance_accuracy_value', 'NONE');
#2453 = CARTESIAN_POINT ( 'NONE',  ( 1.350000000000000089, 0.000000000000000000, -1.250000000000000000 ) ) ;
#2454 = DIRECTION ( 'NONE',  ( 0.000000000000000000, 1.000000000000000000, -0.000000000000000000 ) ) ;
#2455 = FACE_OUTER_BOUND ( 'NONE', #510, .T. ) ;
#2456 = SURFACE_STYLE_USAGE ( .BOTH. , #1485 ) ;
#2457 = SURFACE_SIDE_STYLE ('',( #1319 ) ) ;
#2458 = CARTESIAN_POINT ( 'NONE',  ( -1.600000000000000089, 0.5600000000000000533, -1.000000000000000222 ) ) ;
#2459 = SURFACE_SIDE_STYLE ('',( #599 ) ) ;
#2460 = FILL_AREA_STYLE_COLOUR ( '', #2586 ) ;
#2461 = DIRECTION ( 'NONE',  ( 0.000000000000000000, 0.000000000000000000, 1.000000000000000000 ) ) ;
#2462 = SURFACE_STYLE_USAGE ( .BOTH. , #1510 ) ;
#2463 = SURFACE_STYLE_FILL_AREA ( #2229 ) ;
#2464 = EDGE_LOOP ( 'NONE', ( #619, #2534, #71, #87 ) ) ;
#2465 = DIRECTION ( 'NONE',  ( -1.000000000000000000, -0.000000000000000000, -0.000000000000000000 ) ) ;
#2466 = EDGE_CURVE ( 'NONE', #2929, #1431, #1046, .T. ) ;
#2467 = LINE ( 'NONE', #167, #188 ) ;
#2468 = VERTEX_POINT ( 'NONE', #218 ) ;
#2469 = CARTESIAN_POINT ( 'NONE',  ( 0.9500000000000000666, -0.09000000000000001055, 0.6999999999999999556 ) ) ;
#2470 = FACE_OUTER_BOUND ( 'NONE', #2624, .T. ) ;
#2471 = CARTESIAN_POINT ( 'NONE',  ( 1.300000000000000044, 0.000000000000000000, 1.050000000000000044 ) ) ;
#2472 = CARTESIAN_POINT ( 'NONE',  ( 1.589761634198785245, 0.5800000000000000711, 1.239761634198784490 ) ) ;
#2473 = VECTOR ( 'NONE', #635, 1000.000000000000000 ) ;
#2474 = VECTOR ( 'NONE', #2632, 1000.000000000000000 ) ;
#2475 = CARTESIAN_POINT ( 'NONE',  ( -1.600000000000000089, 0.5600000000000000533, 0.000000000000000000 ) ) ;
#2476 = ORIENTED_EDGE ( 'NONE', *, *, #1822, .F. ) ;
#2477 = ADVANCED_FACE ( 'NONE', ( #2331 ), #925, .F. ) ;
#2478 = COLOUR_RGB ( '',0.9686274509803921573, 0.8784313725490195957, 0.5999999999999999778 ) ;
#2479 = CIRCLE ( 'NONE', #827, 0.2199999999999999178 ) ;
#2480 = EDGE_CURVE ( 'NONE', #2776, #1920, #40, .T. ) ;
#2481 = UNCERTAINTY_MEASURE_WITH_UNIT (LENGTH_MEASURE( 1.000000000000000082E-05 ), #1165, 'distance_accuracy_value', 'NONE');
#2482 = AXIS2_PLACEMENT_3D ( 'NONE', #317, #1241, #2179 ) ;
#2483 = SURFACE_STYLE_FILL_AREA ( #653 ) ;
#2484 = PLANE ( 'NONE',  #2918 ) ;
#2485 = ORIENTED_EDGE ( 'NONE', *, *, #2071, .F. ) ;
#2486 = EDGE_CURVE ( 'NONE', #1474, #759, #2838, .T. ) ;
#2487 = FACE_OUTER_BOUND ( 'NONE', #1218, .T. ) ;
#2488 = CARTESIAN_POINT ( 'NONE',  ( 1.282686438414885277, 0.5800000000000000711, 1.149999999999999467 ) ) ;
#2489 =( NAMED_UNIT ( * ) PLANE_ANGLE_UNIT ( ) SI_UNIT ( $, .RADIAN. ) );
#2490 = DIRECTION ( 'NONE',  ( 0.000000000000000000, 0.000000000000000000, -1.000000000000000000 ) ) ;
#2491 = ORIENTED_EDGE ( 'NONE', *, *, #1925, .F. ) ;
#2492 =( LENGTH_UNIT ( ) NAMED_UNIT ( * ) SI_UNIT ( .MILLI., .METRE. ) );
#2493 = AXIS2_PLACEMENT_3D ( 'NONE', #857, #1762, #2490 ) ;
#2494 = EDGE_CURVE ( 'NONE', #2443, #2858, #533, .T. ) ;
#2495 =( LENGTH_UNIT ( ) NAMED_UNIT ( * ) SI_UNIT ( .MILLI., .METRE. ) );
#2496 = DIRECTION ( 'NONE',  ( 0.000000000000000000, 0.000000000000000000, -1.000000000000000000 ) ) ;
#2497 = ORIENTED_EDGE ( 'NONE', *, *, #507, .F. ) ;
#2498 = DIRECTION ( 'NONE',  ( 0.000000000000000000, 0.000000000000000000, 1.000000000000000000 ) ) ;
#2499 = CIRCLE ( 'NONE', #2005, 0.3199255020153238260 ) ;
#2500 =( LENGTH_UNIT ( ) NAMED_UNIT ( * ) SI_UNIT ( .MILLI., .METRE. ) );
#2501 = VECTOR ( 'NONE', #1745, 1000.000000000000000 ) ;
#2502 = EDGE_CURVE ( 'NONE', #1579, #2812, #2392, .T. ) ;
#2503 = DIRECTION ( 'NONE',  ( -0.000000000000000000, -1.000000000000000000, -0.000000000000000000 ) ) ;
#2504 = PRESENTATION_STYLE_ASSIGNMENT (( #2672 ) ) ;
#2505 = ORIENTED_EDGE ( 'NONE', *, *, #1654, .F. ) ;
#2506 = LINE ( 'NONE', #1779, #650 ) ;
#2507 = ADVANCED_FACE ( 'NONE', ( #1459 ), #2348, .F. ) ;
#2508 = ORIENTED_EDGE ( 'NONE', *, *, #280, .T. ) ;
#2509 = VERTEX_POINT ( 'NONE', #1198 ) ;
#2510 = CARTESIAN_POINT ( 'NONE',  ( 1.589761634198785023, 0.2600000000000000644, -1.239761634198784934 ) ) ;
#2511 = SURFACE_STYLE_FILL_AREA ( #659 ) ;
#2512 = EDGE_CURVE ( 'NONE', #1506, #1828, #2376, .T. ) ;
#2513 = CARTESIAN_POINT ( 'NONE',  ( -1.500000000000000000, 0.5600000000000000533, 0.000000000000000000 ) ) ;
#2514 = VECTOR ( 'NONE', #750, 1000.000000000000000 ) ;
#2515 = ORIENTED_EDGE ( 'NONE', *, *, #2058, .F. ) ;
#2516 = DIRECTION ( 'NONE',  ( 0.000000000000000000, 0.000000000000000000, 1.000000000000000000 ) ) ;
#2517 = CIRCLE ( 'NONE', #1300, 0.2199999999999999178 ) ;
#2518 = VERTEX_POINT ( 'NONE', #1652 ) ;
#2519 = MECHANICAL_DESIGN_GEOMETRIC_PRESENTATION_REPRESENTATION (  '', ( #1152 ), #1876 ) ;
#2520 = PRESENTATION_LAYER_ASSIGNMENT (  '', '', ( #1116 ) ) ;
#2521 = FACE_OUTER_BOUND ( 'NONE', #1625, .T. ) ;
#2522 = ORIENTED_EDGE ( 'NONE', *, *, #1169, .T. ) ;
#2523 = CYLINDRICAL_SURFACE ( 'NONE', #985, 0.05000000000000002359 ) ;
#2524 = COLOUR_RGB ( '',0.2509803921568627416, 0.2509803921568627416, 0.2509803921568627416 ) ;
#2525 =( NAMED_UNIT ( * ) SI_UNIT ( $, .STERADIAN. ) SOLID_ANGLE_UNIT ( ) );
#2526 = PRESENTATION_STYLE_ASSIGNMENT (( #482 ) ) ;
#2527 = CARTESIAN_POINT ( 'NONE',  ( -1.269999999999999796, 0.2600000000000000644, 1.249999999999999778 ) ) ;
#2528 =( NAMED_UNIT ( * ) PLANE_ANGLE_UNIT ( ) SI_UNIT ( $, .RADIAN. ) );
#2529 = UNCERTAINTY_MEASURE_WITH_UNIT (LENGTH_MEASURE( 1.000000000000000082E-05 ), #1143, 'distance_accuracy_value', 'NONE');
#2530 =( NAMED_UNIT ( * ) PLANE_ANGLE_UNIT ( ) SI_UNIT ( $, .RADIAN. ) );
#2531 = ORIENTED_EDGE ( 'NONE', *, *, #1618, .T. ) ;
#2532 =( NAMED_UNIT ( * ) SI_UNIT ( $, .STERADIAN. ) SOLID_ANGLE_UNIT ( ) );
#2533 = EDGE_CURVE ( 'NONE', #42, #2412, #285, .T. ) ;
#2534 = ORIENTED_EDGE ( 'NONE', *, *, #451, .T. ) ;
#2535 = MECHANICAL_DESIGN_GEOMETRIC_PRESENTATION_REPRESENTATION (  '', ( #398 ), #205 ) ;
#2536 = CARTESIAN_POINT ( 'NONE',  ( 1.200000000000000178, -0.1000000000000000056, 0.9499999999999999556 ) ) ;
#2537 = DIRECTION ( 'NONE',  ( 0.000000000000000000, 1.000000000000000000, 0.000000000000000000 ) ) ;
#2538 = STYLED_ITEM ( 'NONE', ( #1724 ), #2802 ) ;
#2539 = AXIS2_PLACEMENT_3D ( 'NONE', #1233, #1702, #2167 ) ;
#2540 = PLANE ( 'NONE',  #1592 ) ;
#2541 = DIRECTION ( 'NONE',  ( 0.000000000000000000, 0.000000000000000000, 1.000000000000000000 ) ) ;
#2542 = DIRECTION ( 'NONE',  ( -1.000000000000000000, 0.000000000000000000, -0.000000000000000000 ) ) ;
#2543 = ORIENTED_EDGE ( 'NONE', *, *, #1111, .T. ) ;
#2544 = MECHANICAL_DESIGN_GEOMETRIC_PRESENTATION_REPRESENTATION (  '', ( #2968 ), #2405 ) ;
#2545 = DIRECTION ( 'NONE',  ( 0.000000000000000000, 1.000000000000000000, -0.000000000000000000 ) ) ;
#2546 = ORIENTED_EDGE ( 'NONE', *, *, #712, .T. ) ;
#2547 = EDGE_CURVE ( 'NONE', #975, #2384, #314, .T. ) ;
#2548 = CARTESIAN_POINT ( 'NONE',  ( 1.300000000000000044, 0.000000000000000000, 0.000000000000000000 ) ) ;
#2549 = CARTESIAN_POINT ( 'NONE',  ( -1.500000000000000000, 0.2600000000000000644, -0.9326864384148847442 ) ) ;
#2550 = FILL_AREA_STYLE_COLOUR ( '', #2402 ) ;
#2551 = DIRECTION ( 'NONE',  ( 0.000000000000000000, 1.000000000000000000, 0.000000000000000000 ) ) ;
#2552 = EDGE_LOOP ( 'NONE', ( #138, #446, #2825, #491, #197, #286, #1849, #1332, #1948, #333, #1146, #163, #1447, #886, #1393, #1788, #307, #56, #1616, #2680, #1527, #1968, #2380, #1357, #59, #169, #2688, #1587, #2982, #656, #2491 ) ) ;
#2553 = PLANE ( 'NONE',  #450 ) ;
#2554 = CIRCLE ( 'NONE', #325, 0.2199999999999999178 ) ;
#2555 = ORIENTED_EDGE ( 'NONE', *, *, #2833, .F. ) ;
#2556 = FACE_OUTER_BOUND ( 'NONE', #1656, .T. ) ;
#2557 = STYLED_ITEM ( 'NONE', ( #2081 ), #767 ) ;
#2558 = AXIS2_PLACEMENT_3D ( 'NONE', #980, #2757, #655 ) ;
#2559 = SURFACE_SIDE_STYLE ('',( #2782 ) ) ;
#2560 = CARTESIAN_POINT ( 'NONE',  ( -1.589761634198785467, 0.2600000000000000644, -1.019761634198784295 ) ) ;
#2561 = DIRECTION ( 'NONE',  ( 0.000000000000000000, 1.000000000000000000, 0.000000000000000000 ) ) ;
#2562 = FACE_OUTER_BOUND ( 'NONE', #1603, .T. ) ;
#2563 = VECTOR ( 'NONE', #1488, 1000.000000000000000 ) ;
#2564 =( NAMED_UNIT ( * ) PLANE_ANGLE_UNIT ( ) SI_UNIT ( $, .RADIAN. ) );
#2565 = CARTESIAN_POINT ( 'NONE',  ( 0.5999999999999999778, 0.2600000000000000644, -0.3499999999999999778 ) ) ;
#2566 = VECTOR ( 'NONE', #466, 1000.000000000000000 ) ;
#2567 = LINE ( 'NONE', #1845, #2273 ) ;
#2568 = VERTEX_POINT ( 'NONE', #80 ) ;
#2569 = FACE_OUTER_BOUND ( 'NONE', #1162, .T. ) ;
#2570 = CARTESIAN_POINT ( 'NONE',  ( -1.589761634198784801, 0.2600000000000000644, 1.239761634198784934 ) ) ;
#2571 = EDGE_LOOP ( 'NONE', ( #2044, #2185, #1462, #2485 ) ) ;
#2572 = DIRECTION ( 'NONE',  ( -3.721391475782141527E-16, 0.000000000000000000, -1.000000000000000000 ) ) ;
#2573 = DIRECTION ( 'NONE',  ( 0.000000000000000000, 0.000000000000000000, 1.000000000000000000 ) ) ;
#2574 = EDGE_CURVE ( 'NONE', #2633, #2408, #1697, .T. ) ;
#2575 = CARTESIAN_POINT ( 'NONE',  ( 0.000000000000000000, 0.5600000000000000533, 1.149999999999999689 ) ) ;
#2576 = LINE ( 'NONE', #1646, #794 ) ;
#2577 = CARTESIAN_POINT ( 'NONE',  ( 1.500000000000000000, 0.5600000000000000533, -0.3499999999999999778 ) ) ;
#2578 = ORIENTED_EDGE ( 'NONE', *, *, #2741, .F. ) ;
#2579 = COLOUR_RGB ( '',0.9686274509803921573, 0.8784313725490195957, 0.5999999999999999778 ) ;
#2580 = EDGE_CURVE ( 'NONE', #1248, #1915, #1370, .T. ) ;
#2581 = AXIS2_PLACEMENT_3D ( 'NONE', #1503, #2934, #2681 ) ;
#2582 = CARTESIAN_POINT ( 'NONE',  ( -1.500000000000000000, 0.2600000000000000644, 0.3499999999999998113 ) ) ;
#2583 = ORIENTED_EDGE ( 'NONE', *, *, #1341, .F. ) ;
#2584 = CARTESIAN_POINT ( 'NONE',  ( -1.599999999999999645, 0.5800000000000000711, -1.019999999999999574 ) ) ;
#2585 = PRESENTATION_LAYER_ASSIGNMENT (  '', '', ( #2677 ) ) ;
#2586 = COLOUR_RGB ( '',0.2509803921568627416, 0.2509803921568627416, 0.2509803921568627416 ) ;
#2587 = LINE ( 'NONE', #509, #1205 ) ;
#2588 = ORIENTED_EDGE ( 'NONE', *, *, #2419, .T. ) ;
#2589 = MECHANICAL_DESIGN_GEOMETRIC_PRESENTATION_REPRESENTATION (  '', ( #2011 ), #2924 ) ;
#2590 = CARTESIAN_POINT ( 'NONE',  ( 1.250000000000000000, -0.05000000000000000278, -1.000000000000000000 ) ) ;
#2591 =( NAMED_UNIT ( * ) PLANE_ANGLE_UNIT ( ) SI_UNIT ( $, .RADIAN. ) );
#2592 =( NAMED_UNIT ( * ) PLANE_ANGLE_UNIT ( ) SI_UNIT ( $, .RADIAN. ) );
#2593 = EDGE_CURVE ( 'NONE', #2140, #2509, #1346, .T. ) ;
#2594 = PLANE ( 'NONE',  #2792 ) ;
#2595 = ORIENTED_EDGE ( 'NONE', *, *, #1293, .F. ) ;
#2596 = FILL_AREA_STYLE_COLOUR ( '', #1307 ) ;
#2597 = PRESENTATION_STYLE_ASSIGNMENT (( #2126 ) ) ;
#2598 = ORIENTED_EDGE ( 'NONE', *, *, #1020, .F. ) ;
#2599 = ORIENTED_EDGE ( 'NONE', *, *, #2827, .F. ) ;
#2600 = FILL_AREA_STYLE_COLOUR ( '', #1862 ) ;
#2601 = EDGE_CURVE ( 'NONE', #2222, #2241, #885, .T. ) ;
#2602 = ORIENTED_EDGE ( 'NONE', *, *, #338, .F. ) ;
#2603 = EDGE_CURVE ( 'NONE', #2073, #1831, #2347, .T. ) ;
#2604 = PRESENTATION_STYLE_ASSIGNMENT (( #1877 ) ) ;
#2605 = CIRCLE ( 'NONE', #1246, 0.2200000000000001399 ) ;
#2606 = VERTEX_POINT ( 'NONE', #1944 ) ;
#2607 = SURFACE_STYLE_FILL_AREA ( #1670 ) ;
#2608 = PRESENTATION_LAYER_ASSIGNMENT (  '', '', ( #629 ) ) ;
#2609 = VECTOR ( 'NONE', #1507, 1000.000000000000000 ) ;
#2610 = ORIENTED_EDGE ( 'NONE', *, *, #487, .F. ) ;
#2611 = DIRECTION ( 'NONE',  ( -5.421010862427525128E-16, 0.000000000000000000, -1.000000000000000000 ) ) ;
#2612 = VERTEX_POINT ( 'NONE', #1714 ) ;
#2613 = CARTESIAN_POINT ( 'NONE',  ( 0.5999999999999999778, 0.5600000000000000533, -0.3499999999999999778 ) ) ;
#2614 = AXIS2_PLACEMENT_3D ( 'NONE', #2285, #1386, #26 ) ;
#2615 = FACE_OUTER_BOUND ( 'NONE', #116, .T. ) ;
#2616 = VERTEX_POINT ( 'NONE', #2854 ) ;
#2617 = SURFACE_STYLE_FILL_AREA ( #63 ) ;
#2618 = EDGE_CURVE ( 'NONE', #1033, #1816, #2622, .T. ) ;
#2619 = FILL_AREA_STYLE_COLOUR ( '', #2891 ) ;
#2620 = ORIENTED_EDGE ( 'NONE', *, *, #1413, .F. ) ;
#2621 = SURFACE_SIDE_STYLE ('',( #2424 ) ) ;
#2622 = CIRCLE ( 'NONE', #2767, 0.2499999999999997780 ) ;
#2623 = VERTEX_POINT ( 'NONE', #1747 ) ;
#2624 = EDGE_LOOP ( 'NONE', ( #2765, #2821, #1255, #1303 ) ) ;
#2625 = VECTOR ( 'NONE', #308, 1000.000000000000000 ) ;
#2626 = CIRCLE ( 'NONE', #2000, 0.3199255020153237150 ) ;
#2627 = CARTESIAN_POINT ( 'NONE',  ( -1.250000000000000000, -0.05000000000000000278, -1.000000000000000000 ) ) ;
#2628 = ORIENTED_EDGE ( 'NONE', *, *, #1896, .F. ) ;
#2629 = VECTOR ( 'NONE', #2801, 1000.000000000000000 ) ;
#2630 = DIRECTION ( 'NONE',  ( -0.7071067811865474617, 0.000000000000000000, 0.7071067811865476838 ) ) ;
#2631 = DIRECTION ( 'NONE',  ( 1.000000000000000000, -0.000000000000000000, 0.000000000000000000 ) ) ;
#2632 = DIRECTION ( 'NONE',  ( 0.000000000000000000, 1.000000000000000000, 0.000000000000000000 ) ) ;
#2633 = VERTEX_POINT ( 'NONE', #1505 ) ;
#2634 = CARTESIAN_POINT ( 'NONE',  ( 1.282686438414885055, 0.2600000000000000644, -1.149999999999999911 ) ) ;
#2635 = ORIENTED_EDGE ( 'NONE', *, *, #1426, .T. ) ;
#2636 = CARTESIAN_POINT ( 'NONE',  ( -1.369999999999999885, 0.2600000000000000644, 1.250000000000000222 ) ) ;
#2637 = SURFACE_STYLE_FILL_AREA ( #735 ) ;
#2638 = CARTESIAN_POINT ( 'NONE',  ( -0.5999999999999999778, 0.5800000000000000711, -0.3500000000000001443 ) ) ;
#2639 = CARTESIAN_POINT ( 'NONE',  ( 1.282686438414885277, 0.2600000000000000644, 1.149999999999999467 ) ) ;
#2640 = DIRECTION ( 'NONE',  ( 0.000000000000000000, 1.000000000000000000, 0.000000000000000000 ) ) ;
#2641 = ORIENTED_EDGE ( 'NONE', *, *, #1618, .F. ) ;
#2642 = EDGE_LOOP ( 'NONE', ( #204, #304, #1860, #1242, #1946, #2003, #1375, #2856, #2595, #288, #1098, #316 ) ) ;
#2643 = UNCERTAINTY_MEASURE_WITH_UNIT (LENGTH_MEASURE( 1.000000000000000082E-05 ), #1184, 'distance_accuracy_value', 'NONE');
#2644 = VECTOR ( 'NONE', #2670, 1000.000000000000000 ) ;
#2645 = DIRECTION ( 'NONE',  ( -2.168404344971012812E-15, 0.000000000000000000, 1.000000000000000000 ) ) ;
#2646 = MECHANICAL_DESIGN_GEOMETRIC_PRESENTATION_REPRESENTATION (  '', ( #1062 ), #2321 ) ;
#2647 =( LENGTH_UNIT ( ) NAMED_UNIT ( * ) SI_UNIT ( .MILLI., .METRE. ) );
#2648 = CARTESIAN_POINT ( 'NONE',  ( -0.6000000000000004219, 0.5600000000000000533, -1.149999999999999689 ) ) ;
#2649 = DIRECTION ( 'NONE',  ( 0.000000000000000000, 0.000000000000000000, -1.000000000000000000 ) ) ;
#2650 = CARTESIAN_POINT ( 'NONE',  ( 1.270710678118654346, -1.175907344150950674E-17, 1.020710678118654791 ) ) ;
#2651 = ADVANCED_FACE ( 'NONE', ( #2487 ), #348, .F. ) ;
#2652 = UNCERTAINTY_MEASURE_WITH_UNIT (LENGTH_MEASURE( 1.000000000000000082E-05 ), #277, 'distance_accuracy_value', 'NONE');
#2653 = ORIENTED_EDGE ( 'NONE', *, *, #2703, .T. ) ;
#2654 = DIRECTION ( 'NONE',  ( 0.000000000000000000, 0.000000000000000000, 1.000000000000000000 ) ) ;
#2655 = EDGE_CURVE ( 'NONE', #350, #1080, #2886, .T. ) ;
#2656 = VECTOR ( 'NONE', #1382, 1000.000000000000000 ) ;
#2657 = DIRECTION ( 'NONE',  ( -0.000000000000000000, -1.000000000000000000, -0.000000000000000000 ) ) ;
#2658 = PRESENTATION_LAYER_ASSIGNMENT (  '', '', ( #2369 ) ) ;
#2659 = DIRECTION ( 'NONE',  ( 1.000000000000000000, 0.000000000000000000, -0.000000000000000000 ) ) ;
#2660 = CARTESIAN_POINT ( 'NONE',  ( 1.599999999999999645, 0.2600000000000000644, -1.020000000000000018 ) ) ;
#2661 = PRESENTATION_LAYER_ASSIGNMENT (  '', '', ( #384 ) ) ;
#2662 = ORIENTED_EDGE ( 'NONE', *, *, #745, .T. ) ;
#2663 = CARTESIAN_POINT ( 'NONE',  ( 1.350000000000000089, 0.000000000000000000, 1.250000000000000000 ) ) ;
#2664 = CIRCLE ( 'NONE', #57, 0.2199999999999999178 ) ;
#2665 = FILL_AREA_STYLE ('',( #1742 ) ) ;
#2666 = FILL_AREA_STYLE ('',( #2019 ) ) ;
#2667 =( NAMED_UNIT ( * ) SI_UNIT ( $, .STERADIAN. ) SOLID_ANGLE_UNIT ( ) );
#2668 = LINE ( 'NONE', #2458, #1808 ) ;
#2669 = CARTESIAN_POINT ( 'NONE',  ( 1.370000000000000329, 0.2600000000000000644, 1.249999999999999778 ) ) ;
#2670 = DIRECTION ( 'NONE',  ( 0.000000000000000000, 1.000000000000000000, 0.000000000000000000 ) ) ;
#2671 = VECTOR ( 'NONE', #2809, 1000.000000000000000 ) ;
#2672 = SURFACE_STYLE_USAGE ( .BOTH. , #189 ) ;
#2673 = ORIENTED_EDGE ( 'NONE', *, *, #786, .F. ) ;
#2674 =( GEOMETRIC_REPRESENTATION_CONTEXT ( 3 ) GLOBAL_UNCERTAINTY_ASSIGNED_CONTEXT ( ( #1260 ) ) GLOBAL_UNIT_ASSIGNED_CONTEXT ( ( #2500, #1897, #1436 ) ) REPRESENTATION_CONTEXT ( 'NONE', 'WORKASPACE' ) );
#2675 = DIRECTION ( 'NONE',  ( 0.000000000000000000, 0.000000000000000000, 1.000000000000000000 ) ) ;
#2676 = CIRCLE ( 'NONE', #212, 0.2199999999999999178 ) ;
#2677 = STYLED_ITEM ( 'NONE', ( #2843 ), #2251 ) ;
#2678 = CIRCLE ( 'NONE', #2205, 0.3199255020153238260 ) ;
#2679 = CARTESIAN_POINT ( 'NONE',  ( -1.589761634198785467, 0.5600000000000000533, -0.9198361321834607196 ) ) ;
#2680 = ORIENTED_EDGE ( 'NONE', *, *, #105, .F. ) ;
#2681 = DIRECTION ( 'NONE',  ( 0.000000000000000000, 0.000000000000000000, 1.000000000000000000 ) ) ;
#2682 = SURFACE_SIDE_STYLE ('',( #1992 ) ) ;
#2683 = VECTOR ( 'NONE', #788, 1000.000000000000000 ) ;
#2684 = EDGE_CURVE ( 'NONE', #1452, #1006, #795, .T. ) ;
#2685 = CYLINDRICAL_SURFACE ( 'NONE', #1470, 0.1250000000000004441 ) ;
#2686 = DIRECTION ( 'NONE',  ( 0.000000000000000000, 1.000000000000000000, 0.000000000000000000 ) ) ;
#2687 = DIRECTION ( 'NONE',  ( 2.168404344971008079E-15, 0.000000000000000000, -1.000000000000000000 ) ) ;
#2688 = ORIENTED_EDGE ( 'NONE', *, *, #2763, .F. ) ;
#2689 = PRESENTATION_STYLE_ASSIGNMENT (( #1327 ) ) ;
#2690 = ADVANCED_FACE ( 'NONE', ( #2470 ), #596, .T. ) ;
#2691 = PLANE ( 'NONE',  #128 ) ;
#2692 = ORIENTED_EDGE ( 'NONE', *, *, #2318, .T. ) ;
#2693 = DIRECTION ( 'NONE',  ( 0.000000000000000000, 1.000000000000000000, -0.000000000000000000 ) ) ;
#2694 =( NAMED_UNIT ( * ) PLANE_ANGLE_UNIT ( ) SI_UNIT ( $, .RADIAN. ) );
#2695 = AXIS2_PLACEMENT_3D ( 'NONE', #1433, #1206, #978 ) ;
#2696 = DIRECTION ( 'NONE',  ( 0.000000000000000000, 0.000000000000000000, 1.000000000000000000 ) ) ;
#2697 = LINE ( 'NONE', #2669, #1891 ) ;
#2698 = CARTESIAN_POINT ( 'NONE',  ( 1.589761634198785245, 0.2600000000000000644, 1.239761634198784490 ) ) ;
#2699 = MECHANICAL_DESIGN_GEOMETRIC_PRESENTATION_REPRESENTATION (  '', ( #2025 ), #1590 ) ;
#2700 = CARTESIAN_POINT ( 'NONE',  ( -1.600000000000000089, 0.5600000000000000533, 1.000000000000000222 ) ) ;
#2701 = ORIENTED_EDGE ( 'NONE', *, *, #249, .F. ) ;
#2702 = VECTOR ( 'NONE', #1032, 1000.000000000000000 ) ;
#2703 = EDGE_CURVE ( 'NONE', #1133, #812, #642, .T. ) ;
#2704 = ORIENTED_EDGE ( 'NONE', *, *, #1900, .T. ) ;
#2706 = CARTESIAN_POINT ( 'NONE',  ( 0.9500000000000000666, -0.09000000000000001055, 0.6999999999999999556 ) ) ;
#2705 = CARTESIAN_POINT ( 'NONE',  ( 0.000000000000000000, 0.5600000000000000533, 0.000000000000000000 ) ) ;
#2707 = LINE ( 'NONE', #1334, #1268 ) ;
#2708 = UNCERTAINTY_MEASURE_WITH_UNIT (LENGTH_MEASURE( 1.000000000000000082E-05 ), #1355, 'distance_accuracy_value', 'NONE');
#2709 = SURFACE_STYLE_USAGE ( .BOTH. , #2252 ) ;
#2710 = CARTESIAN_POINT ( 'NONE',  ( -1.599999999999999645, 0.2600000000000000644, -1.019999999999999574 ) ) ;
#2711 = EDGE_CURVE ( 'NONE', #1766, #2606, #2912, .T. ) ;
#2712 = PRESENTATION_STYLE_ASSIGNMENT (( #368 ) ) ;
#2713 = ORIENTED_EDGE ( 'NONE', *, *, #1654, .T. ) ;
#2714 = CYLINDRICAL_SURFACE ( 'NONE', #2399, 0.2199999999999999178 ) ;
#2715 = AXIS2_PLACEMENT_3D ( 'NONE', #1657, #1450, #2130 ) ;
#2716 = MECHANICAL_DESIGN_GEOMETRIC_PRESENTATION_REPRESENTATION (  '', ( #2446 ), #982 ) ;
#2717 = ORIENTED_EDGE ( 'NONE', *, *, #2287, .F. ) ;
#2718 = DIRECTION ( 'NONE',  ( -0.000000000000000000, -1.000000000000000000, -0.000000000000000000 ) ) ;
#2719 = AXIS2_PLACEMENT_3D ( 'NONE', #2268, #1061, #2913 ) ;
#2720 = MECHANICAL_DESIGN_GEOMETRIC_PRESENTATION_REPRESENTATION (  '', ( #68 ), #1610 ) ;
#2721 = MANIFOLD_SOLID_BREP ( 'Cut-Extrude1', #2428 ) ;
#2722 = DIRECTION ( 'NONE',  ( -3.721391475782141034E-16, 0.000000000000000000, -1.000000000000000000 ) ) ;
#2723 = FILL_AREA_STYLE_COLOUR ( '', #1018 ) ;
#2724 = PRESENTATION_STYLE_ASSIGNMENT (( #478 ) ) ;
#2725 = ORIENTED_EDGE ( 'NONE', *, *, #1514, .T. ) ;
#2726 = MECHANICAL_DESIGN_GEOMETRIC_PRESENTATION_REPRESENTATION (  '', ( #123 ), #1678 ) ;
#2727 = LINE ( 'NONE', #2548, #1040 ) ;
#2728 = VECTOR ( 'NONE', #1391, 1000.000000000000000 ) ;
#2729 = AXIS2_PLACEMENT_3D ( 'NONE', #2217, #351, #133 ) ;
#2730 =( LENGTH_UNIT ( ) NAMED_UNIT ( * ) SI_UNIT ( .MILLI., .METRE. ) );
#2731 = CYLINDRICAL_SURFACE ( 'NONE', #862, 0.3199255020153238260 ) ;
#2732 = DIRECTION ( 'NONE',  ( 0.000000000000000000, 1.000000000000000000, 0.000000000000000000 ) ) ;
#2733 = EDGE_CURVE ( 'NONE', #431, #2222, #2707, .T. ) ;
#2734 =( LENGTH_UNIT ( ) NAMED_UNIT ( * ) SI_UNIT ( .MILLI., .METRE. ) );
#2735 = CARTESIAN_POINT ( 'NONE',  ( 1.500000000000000000, 0.5600000000000000533, 0.000000000000000000 ) ) ;
#2736 = UNCERTAINTY_MEASURE_WITH_UNIT (LENGTH_MEASURE( 1.000000000000000082E-05 ), #2008, 'distance_accuracy_value', 'NONE');
#2737 = SURFACE_SIDE_STYLE ('',( #2059 ) ) ;
#2738 = ORIENTED_EDGE ( 'NONE', *, *, #2318, .F. ) ;
#2739 =( NAMED_UNIT ( * ) PLANE_ANGLE_UNIT ( ) SI_UNIT ( $, .RADIAN. ) );
#2740 = ORIENTED_EDGE ( 'NONE', *, *, #1945, .T. ) ;
#2741 = EDGE_CURVE ( 'NONE', #1918, #2623, #2356, .T. ) ;
#2742 = LINE ( 'NONE', #2815, #2514 ) ;
#2743 = ORIENTED_EDGE ( 'NONE', *, *, #2406, .T. ) ;
#2744 = SURFACE_STYLE_FILL_AREA ( #1410 ) ;
#2745 = DIRECTION ( 'NONE',  ( -0.000000000000000000, 1.000000000000000000, 0.000000000000000000 ) ) ;
#2746 = CYLINDRICAL_SURFACE ( 'NONE', #2294, 0.2499999999999997780 ) ;
#2747 = EDGE_CURVE ( 'NONE', #2911, #2812, #248, .T. ) ;
#2748 = DIRECTION ( 'NONE',  ( 0.000000000000000000, 0.000000000000000000, 1.000000000000000000 ) ) ;
#2749 = DIRECTION ( 'NONE',  ( 3.721391475782141527E-16, -0.000000000000000000, 1.000000000000000000 ) ) ;
#2750 = ORIENTED_EDGE ( 'NONE', *, *, #618, .F. ) ;
#2751 = CIRCLE ( 'NONE', #1734, 0.3199255020153237150 ) ;
#2752 = STYLED_ITEM ( 'NONE', ( #2139 ), #806 ) ;
#2753 = ORIENTED_EDGE ( 'NONE', *, *, #1703, .F. ) ;
#2754 = PRESENTATION_LAYER_ASSIGNMENT (  '', '', ( #2181 ) ) ;
#2755 = UNCERTAINTY_MEASURE_WITH_UNIT (LENGTH_MEASURE( 1.000000000000000082E-05 ), #691, 'distance_accuracy_value', 'NONE');
#2756 = COLOUR_RGB ( '',0.9686274509803921573, 0.8784313725490195957, 0.5999999999999999778 ) ;
#2757 = DIRECTION ( 'NONE',  ( 1.000000000000000000, 0.000000000000000000, 0.000000000000000000 ) ) ;
#2758 = CARTESIAN_POINT ( 'NONE',  ( 1.600000000000000089, 0.2600000000000000644, 1.000000000000000000 ) ) ;
#2759 = LINE ( 'NONE', #685, #1397 ) ;
#2760 = VECTOR ( 'NONE', #483, 1000.000000000000000 ) ;
#2761 = DIRECTION ( 'NONE',  ( -0.000000000000000000, -1.000000000000000000, -0.000000000000000000 ) ) ;
#2762 = PRESENTATION_STYLE_ASSIGNMENT (( #1130 ) ) ;
#2763 = EDGE_CURVE ( 'NONE', #1589, #2368, #2280, .T. ) ;
#2764 =( NAMED_UNIT ( * ) SI_UNIT ( $, .STERADIAN. ) SOLID_ANGLE_UNIT ( ) );
#2765 = ORIENTED_EDGE ( 'NONE', *, *, #2182, .T. ) ;
#2766 = ORIENTED_EDGE ( 'NONE', *, *, #2250, .T. ) ;
#2767 = AXIS2_PLACEMENT_3D ( 'NONE', #2006, #811, #335 ) ;
#2768 =( NAMED_UNIT ( * ) SI_UNIT ( $, .STERADIAN. ) SOLID_ANGLE_UNIT ( ) );
#2769 = MECHANICAL_DESIGN_GEOMETRIC_PRESENTATION_REPRESENTATION (  '', ( #2959 ), #2811 ) ;
#2770 = CARTESIAN_POINT ( 'NONE',  ( 1.589761634198785023, 0.2600000000000000644, -1.019761634198784961 ) ) ;
#2771 = PLANE ( 'NONE',  #1094 ) ;
#2772 = DIRECTION ( 'NONE',  ( 0.000000000000000000, 0.000000000000000000, 1.000000000000000000 ) ) ;
#2773 = CARTESIAN_POINT ( 'NONE',  ( -1.250000000000000000, -0.05000000000000000278, -1.000000000000000000 ) ) ;
#2774 = UNCERTAINTY_MEASURE_WITH_UNIT (LENGTH_MEASURE( 1.000000000000000082E-05 ), #2922, 'distance_accuracy_value', 'NONE');
#2775 = DIRECTION ( 'NONE',  ( 0.000000000000000000, 0.000000000000000000, -1.000000000000000000 ) ) ;
#2776 = VERTEX_POINT ( 'NONE', #2052 ) ;
#2777 = MECHANICAL_DESIGN_GEOMETRIC_PRESENTATION_REPRESENTATION (  '', ( #29 ), #1715 ) ;
#2778 = EDGE_CURVE ( 'NONE', #2129, #761, #17, .T. ) ;
#2779 = ORIENTED_EDGE ( 'NONE', *, *, #315, .T. ) ;
#2780 = SURFACE_SIDE_STYLE ('',( #1150 ) ) ;
#2781 = ADVANCED_FACE ( 'NONE', ( #2116 ), #933, .T. ) ;
#2782 = SURFACE_STYLE_FILL_AREA ( #2079 ) ;
#2783 = CARTESIAN_POINT ( 'NONE',  ( 0.6000000000000000888, 0.5800000000000000711, 0.5499999999999997113 ) ) ;
#2784 = CARTESIAN_POINT ( 'NONE',  ( -1.500000000000000000, 0.2600000000000000644, -0.3499999999999996447 ) ) ;
#2785 = CARTESIAN_POINT ( 'NONE',  ( -1.589761634198785467, 0.5800000000000000711, -1.239761634198784490 ) ) ;
#2786 = FACE_OUTER_BOUND ( 'NONE', #707, .T. ) ;
#2787 = ORIENTED_EDGE ( 'NONE', *, *, #2882, .F. ) ;
#2788 = ADVANCED_FACE ( 'NONE', ( #1016 ), #804, .T. ) ;
#2789 = AXIS2_PLACEMENT_3D ( 'NONE', #354, #2909, #1280 ) ;
#2790 = ORIENTED_EDGE ( 'NONE', *, *, #641, .T. ) ;
#2791 = PRESENTATION_STYLE_ASSIGNMENT (( #949 ) ) ;
#2792 = AXIS2_PLACEMENT_3D ( 'NONE', #2359, #1694, #2835 ) ;
#2793 = MECHANICAL_DESIGN_GEOMETRIC_PRESENTATION_REPRESENTATION (  '', ( #2181 ), #1839 ) ;
#2794 = DIRECTION ( 'NONE',  ( 0.000000000000000000, 1.000000000000000000, 0.000000000000000000 ) ) ;
#2795 = DIRECTION ( 'NONE',  ( -0.000000000000000000, -1.000000000000000000, -0.000000000000000000 ) ) ;
#2796 = AXIS2_PLACEMENT_3D ( 'NONE', #1353, #687, #2541 ) ;
#2797 = DIRECTION ( 'NONE',  ( -1.000000000000000000, 0.000000000000000000, 2.168404344971008079E-15 ) ) ;
#2798 = STYLED_ITEM ( 'NONE', ( #378 ), #1830 ) ;
#2799 = DIRECTION ( 'NONE',  ( 0.000000000000000000, 0.000000000000000000, 1.000000000000000000 ) ) ;
#2800 = ORIENTED_EDGE ( 'NONE', *, *, #913, .F. ) ;
#2801 = DIRECTION ( 'NONE',  ( -5.421010862427525128E-16, -0.000000000000000000, -1.000000000000000000 ) ) ;
#2802 = ADVANCED_FACE ( 'NONE', ( #88 ), #1453, .T. ) ;
#2803 = ORIENTED_EDGE ( 'NONE', *, *, #2547, .T. ) ;
#2804 =( NAMED_UNIT ( * ) PLANE_ANGLE_UNIT ( ) SI_UNIT ( $, .RADIAN. ) );
#2805 = EDGE_CURVE ( 'NONE', #2363, #1049, #1468, .T. ) ;
#2806 = ORIENTED_EDGE ( 'NONE', *, *, #105, .T. ) ;
#2807 = CARTESIAN_POINT ( 'NONE',  ( 0.000000000000000000, 0.5600000000000000533, 0.3499999999999998113 ) ) ;
#2808 =( GEOMETRIC_REPRESENTATION_CONTEXT ( 3 ) GLOBAL_UNCERTAINTY_ASSIGNED_CONTEXT ( ( #2302 ) ) GLOBAL_UNIT_ASSIGNED_CONTEXT ( ( #324, #2385, #2186 ) ) REPRESENTATION_CONTEXT ( 'NONE', 'WORKASPACE' ) );
#2809 = DIRECTION ( 'NONE',  ( -0.000000000000000000, -1.000000000000000000, -0.000000000000000000 ) ) ;
#2810 =( GEOMETRIC_REPRESENTATION_CONTEXT ( 3 ) GLOBAL_UNCERTAINTY_ASSIGNED_CONTEXT ( ( #1151 ) ) GLOBAL_UNIT_ASSIGNED_CONTEXT ( ( #719, #471, #1419 ) ) REPRESENTATION_CONTEXT ( 'NONE', 'WORKASPACE' ) );
#2811 =( GEOMETRIC_REPRESENTATION_CONTEXT ( 3 ) GLOBAL_UNCERTAINTY_ASSIGNED_CONTEXT ( ( #2086 ) ) GLOBAL_UNIT_ASSIGNED_CONTEXT ( ( #843, #1976, #2888 ) ) REPRESENTATION_CONTEXT ( 'NONE', 'WORKASPACE' ) );
#2812 = VERTEX_POINT ( 'NONE', #2203 ) ;
#2813 = ORIENTED_EDGE ( 'NONE', *, *, #786, .T. ) ;
#2814 =( NAMED_UNIT ( * ) PLANE_ANGLE_UNIT ( ) SI_UNIT ( $, .RADIAN. ) );
#2815 = CARTESIAN_POINT ( 'NONE',  ( 0.5999999999999999778, 0.5600000000000000533, 0.000000000000000000 ) ) ;
#2816 = FILL_AREA_STYLE ('',( #2723 ) ) ;
#2817 = VERTEX_POINT ( 'NONE', #2663 ) ;
#2818 = DIRECTION ( 'NONE',  ( -0.7071067811865476838, 0.000000000000000000, -0.7071067811865474617 ) ) ;
#2819 = DIRECTION ( 'NONE',  ( -0.000000000000000000, -1.000000000000000000, -0.000000000000000000 ) ) ;
#2820 = DIRECTION ( 'NONE',  ( 0.000000000000000000, -1.000000000000000000, -0.000000000000000000 ) ) ;
#2821 = ORIENTED_EDGE ( 'NONE', *, *, #1585, .F. ) ;
#2822 = CARTESIAN_POINT ( 'NONE',  ( -1.589761634198785467, 0.2600000000000000644, -0.9198361321834607196 ) ) ;
#2823 = ORIENTED_EDGE ( 'NONE', *, *, #2574, .T. ) ;
#2824 = CARTESIAN_POINT ( 'NONE',  ( 1.250000000000000000, -0.07928932188134521497, -0.9999999999999997780 ) ) ;
#2825 = ORIENTED_EDGE ( 'NONE', *, *, #1815, .F. ) ;
#2826 = DIRECTION ( 'NONE',  ( -0.000000000000000000, 1.000000000000000000, 0.000000000000000000 ) ) ;
#2827 = EDGE_CURVE ( 'NONE', #1766, #1640, #590, .T. ) ;
#2828 = FILL_AREA_STYLE ('',( #520 ) ) ;
#2829 = PLANE ( 'NONE',  #2326 ) ;
#2830 = ORIENTED_EDGE ( 'NONE', *, *, #2352, .T. ) ;
#2831 =( NAMED_UNIT ( * ) SI_UNIT ( $, .STERADIAN. ) SOLID_ANGLE_UNIT ( ) );
#2832 = COLOUR_RGB ( '',0.9686274509803921573, 0.8784313725490195957, 0.5999999999999999778 ) ;
#2833 = EDGE_CURVE ( 'NONE', #214, #560, #1496, .T. ) ;
#2834 = VECTOR ( 'NONE', #2373, 1000.000000000000000 ) ;
#2835 = DIRECTION ( 'NONE',  ( 0.000000000000000000, -0.000000000000000000, 1.000000000000000000 ) ) ;
#2836 = ORIENTED_EDGE ( 'NONE', *, *, #1020, .T. ) ;
#2837 = SURFACE_SIDE_STYLE ('',( #334 ) ) ;
#2838 = LINE ( 'NONE', #1004, #2393 ) ;
#2839 = VECTOR ( 'NONE', #1982, 1000.000000000000000 ) ;
#2840 = VERTEX_POINT ( 'NONE', #1050 ) ;
#2841 = FILL_AREA_STYLE_COLOUR ( '', #1937 ) ;
#2842 = VERTEX_POINT ( 'NONE', #2231 ) ;
#2843 = PRESENTATION_STYLE_ASSIGNMENT (( #1490 ) ) ;
#2844 = MECHANICAL_DESIGN_GEOMETRIC_PRESENTATION_REPRESENTATION (  '', ( #1257 ), #723 ) ;
#2845 = ADVANCED_FACE ( 'NONE', ( #636 ), #140, .F. ) ;
#2846 = UNCERTAINTY_MEASURE_WITH_UNIT (LENGTH_MEASURE( 1.000000000000000082E-05 ), #1546, 'distance_accuracy_value', 'NONE');
#2847 = DIRECTION ( 'NONE',  ( 0.000000000000000000, 0.000000000000000000, 1.000000000000000000 ) ) ;
#2848 = ORIENTED_EDGE ( 'NONE', *, *, #1183, .F. ) ;
#2849 = SURFACE_STYLE_USAGE ( .BOTH. , #1936 ) ;
#2850 = ADVANCED_FACE ( 'NONE', ( #2898 ), #2714, .F. ) ;
#2851 = SURFACE_STYLE_USAGE ( .BOTH. , #1881 ) ;
#2852 = ORIENTED_EDGE ( 'NONE', *, *, #1847, .T. ) ;
#2853 = CARTESIAN_POINT ( 'NONE',  ( 0.6000000000000000888, 0.2600000000000000644, 0.5499999999999997113 ) ) ;
#2854 = CARTESIAN_POINT ( 'NONE',  ( -1.270000000000000018, 0.5600000000000000533, -1.250000000000000000 ) ) ;
#2855 = CIRCLE ( 'NONE', #1758, 0.1250000000000004441 ) ;
#2856 = ORIENTED_EDGE ( 'NONE', *, *, #710, .T. ) ;
#2857 =( NAMED_UNIT ( * ) PLANE_ANGLE_UNIT ( ) SI_UNIT ( $, .RADIAN. ) );
#2858 = VERTEX_POINT ( 'NONE', #1093 ) ;
#2859 = CARTESIAN_POINT ( 'NONE',  ( 0.5999999999999999778, 0.5800000000000000711, -1.149999999999999911 ) ) ;
#2860 =( GEOMETRIC_REPRESENTATION_CONTEXT ( 3 ) GLOBAL_UNCERTAINTY_ASSIGNED_CONTEXT ( ( #2774 ) ) GLOBAL_UNIT_ASSIGNED_CONTEXT ( ( #2922, #1081, #826 ) ) REPRESENTATION_CONTEXT ( 'NONE', 'WORKASPACE' ) );
#2861 = MECHANICAL_DESIGN_GEOMETRIC_PRESENTATION_REPRESENTATION (  '', ( #2677 ), #2148 ) ;
#2862 = CARTESIAN_POINT ( 'NONE',  ( -1.282686438414885055, 0.2600000000000000644, -1.149999999999999689 ) ) ;
#2863 = ORIENTED_EDGE ( 'NONE', *, *, #634, .T. ) ;
#2864 = VECTOR ( 'NONE', #2657, 1000.000000000000000 ) ;
#2865 = DIRECTION ( 'NONE',  ( -2.323290369611795497E-16, 0.000000000000000000, -1.000000000000000000 ) ) ;
#2866 = EDGE_CURVE ( 'NONE', #2616, #2241, #2506, .T. ) ;
#2867 =( GEOMETRIC_REPRESENTATION_CONTEXT ( 3 ) GLOBAL_UNCERTAINTY_ASSIGNED_CONTEXT ( ( #1498 ) ) GLOBAL_UNIT_ASSIGNED_CONTEXT ( ( #1035, #2591, #2234 ) ) REPRESENTATION_CONTEXT ( 'NONE', 'WORKASPACE' ) );
#2868 = CARTESIAN_POINT ( 'NONE',  ( 1.270000000000000018, 0.5600000000000000533, -1.250000000000000000 ) ) ;
#2869 = EDGE_LOOP ( 'NONE', ( #2476, #1216, #746, #2237 ) ) ;
#2870 =( NAMED_UNIT ( * ) PLANE_ANGLE_UNIT ( ) SI_UNIT ( $, .RADIAN. ) );
#2871 = CARTESIAN_POINT ( 'NONE',  ( -1.589761634198785467, 0.5800000000000000711, -1.239761634198784490 ) ) ;
#2872 = ORIENTED_EDGE ( 'NONE', *, *, #2327, .T. ) ;
#2873 =( NAMED_UNIT ( * ) SI_UNIT ( $, .STERADIAN. ) SOLID_ANGLE_UNIT ( ) );
#2874 = LINE ( 'NONE', #1732, #2864 ) ;
#2875 = PLANE ( 'NONE',  #2789 ) ;
#2876 = PRESENTATION_STYLE_ASSIGNMENT (( #572 ) ) ;
#2877 = EDGE_LOOP ( 'NONE', ( #752, #2144, #706, #1197, #541, #2743, #1700, #2800, #2823, #369, #2505, #234 ) ) ;
#2878 = PRESENTATION_STYLE_ASSIGNMENT (( #2435 ) ) ;
#2879 = UNCERTAINTY_MEASURE_WITH_UNIT (LENGTH_MEASURE( 1.000000000000000082E-05 ), #168, 'distance_accuracy_value', 'NONE');
#2880 = VECTOR ( 'NONE', #2960, 1000.000000000000000 ) ;
#2881 = DIRECTION ( 'NONE',  ( -0.000000000000000000, -1.000000000000000000, -0.000000000000000000 ) ) ;
#2882 = EDGE_CURVE ( 'NONE', #812, #1487, #606, .T. ) ;
#2883 = VECTOR ( 'NONE', #458, 1000.000000000000000 ) ;
#2884 = CARTESIAN_POINT ( 'NONE',  ( 1.589761634198785023, 0.5800000000000000711, -0.9198361321834610527 ) ) ;
#2885 = FACE_OUTER_BOUND ( 'NONE', #2939, .T. ) ;
#2886 = LINE ( 'NONE', #2634, #1607 ) ;
#2887 = UNCERTAINTY_MEASURE_WITH_UNIT (LENGTH_MEASURE( 1.000000000000000082E-05 ), #1904, 'distance_accuracy_value', 'NONE');
#2888 =( NAMED_UNIT ( * ) SI_UNIT ( $, .STERADIAN. ) SOLID_ANGLE_UNIT ( ) );
#2889 = CYLINDRICAL_SURFACE ( 'NONE', #2132, 0.2200000000000001399 ) ;
#2890 = SURFACE_SIDE_STYLE ('',( #161 ) ) ;
#2891 = COLOUR_RGB ( '',0.9686274509803921573, 0.8784313725490195957, 0.5999999999999999778 ) ;
#2892 = SURFACE_STYLE_FILL_AREA ( #1031 ) ;
#2893 = CIRCLE ( 'NONE', #2377, 0.1250000000000004441 ) ;
#2894 = FACE_OUTER_BOUND ( 'NONE', #2307, .T. ) ;
#2895 = CARTESIAN_POINT ( 'NONE',  ( -1.250000000000000000, -0.02071067811865475936, -1.000000000000000000 ) ) ;
#2896 = ORIENTED_EDGE ( 'NONE', *, *, #1509, .F. ) ;
#2897 = ADVANCED_FACE ( 'NONE', ( #2014 ), #1074, .F. ) ;
#2898 = FACE_OUTER_BOUND ( 'NONE', #2962, .T. ) ;
#2899 = AXIS2_PLACEMENT_3D ( 'NONE', #1155, #715, #2082 ) ;
#2900 = MECHANICAL_DESIGN_GEOMETRIC_PRESENTATION_REPRESENTATION (  '', ( #2798 ), #1212 ) ;
#2901 = EDGE_CURVE ( 'NONE', #2335, #1918, #443, .T. ) ;
#2902 = FILL_AREA_STYLE ('',( #1971 ) ) ;
#2903 = SURFACE_SIDE_STYLE ('',( #2211 ) ) ;
#2904 = DIRECTION ( 'NONE',  ( -2.168404344971012812E-15, 0.000000000000000000, 1.000000000000000000 ) ) ;
#2905 =( LENGTH_UNIT ( ) NAMED_UNIT ( * ) SI_UNIT ( .MILLI., .METRE. ) );
#2906 =( LENGTH_UNIT ( ) NAMED_UNIT ( * ) SI_UNIT ( .MILLI., .METRE. ) );
#2907 = CARTESIAN_POINT ( 'NONE',  ( 1.589761634198785245, 0.2600000000000000644, 1.239761634198784490 ) ) ;
#2908 = DIRECTION ( 'NONE',  ( 0.000000000000000000, 1.000000000000000000, 0.000000000000000000 ) ) ;
#2909 = DIRECTION ( 'NONE',  ( 0.000000000000000000, -0.000000000000000000, 1.000000000000000000 ) ) ;
#2910 = EDGE_CURVE ( 'NONE', #560, #2158, #832, .T. ) ;
#2911 = VERTEX_POINT ( 'NONE', #1358 ) ;
#2912 = CIRCLE ( 'NONE', #694, 0.3199255020153238260 ) ;
#2913 = DIRECTION ( 'NONE',  ( 0.000000000000000000, 0.000000000000000000, 1.000000000000000000 ) ) ;
#2914 = PRESENTATION_LAYER_ASSIGNMENT (  '', '', ( #68 ) ) ;
#2915 = VECTOR ( 'NONE', #814, 1000.000000000000000 ) ;
#2916 = UNCERTAINTY_MEASURE_WITH_UNIT (LENGTH_MEASURE( 1.000000000000000082E-05 ), #668, 'distance_accuracy_value', 'NONE');
#2917 = SURFACE_SIDE_STYLE ('',( #362 ) ) ;
#2918 = AXIS2_PLACEMENT_3D ( 'NONE', #390, #182, #2212 ) ;
#2919 = CARTESIAN_POINT ( 'NONE',  ( 1.589761634198785023, 0.2600000000000000644, -0.9198361321834610527 ) ) ;
#2920 = DIRECTION ( 'NONE',  ( -0.000000000000000000, -1.000000000000000000, -0.000000000000000000 ) ) ;
#2921 = ORIENTED_EDGE ( 'NONE', *, *, #2386, .F. ) ;
#2922 =( LENGTH_UNIT ( ) NAMED_UNIT ( * ) SI_UNIT ( .MILLI., .METRE. ) );
#2923 =( LENGTH_UNIT ( ) NAMED_UNIT ( * ) SI_UNIT ( .MILLI., .METRE. ) );
#2924 =( GEOMETRIC_REPRESENTATION_CONTEXT ( 3 ) GLOBAL_UNCERTAINTY_ASSIGNED_CONTEXT ( ( #1768 ) ) GLOBAL_UNIT_ASSIGNED_CONTEXT ( ( #1364, #213, #1138 ) ) REPRESENTATION_CONTEXT ( 'NONE', 'WORKASPACE' ) );
#2925 = CARTESIAN_POINT ( 'NONE',  ( 0.9500000000000000666, -0.09000000000000001055, 0.6999999999999999556 ) ) ;
#2926 =( NAMED_UNIT ( * ) PLANE_ANGLE_UNIT ( ) SI_UNIT ( $, .RADIAN. ) );
#2927 = ADVANCED_FACE ( 'NONE', ( #1613 ), #2553, .F. ) ;
#2928 = DIRECTION ( 'NONE',  ( 0.000000000000000000, 0.000000000000000000, 1.000000000000000000 ) ) ;
#2929 = VERTEX_POINT ( 'NONE', #2061 ) ;
#2930 = FILL_AREA_STYLE_COLOUR ( '', #935 ) ;
#2931 = PRESENTATION_STYLE_ASSIGNMENT (( #1787 ) ) ;
#2932 = PRESENTATION_STYLE_ASSIGNMENT (( #1097 ) ) ;
#2933 = ORIENTED_EDGE ( 'NONE', *, *, #618, .T. ) ;
#2934 = DIRECTION ( 'NONE',  ( 0.000000000000000000, 1.000000000000000000, 0.000000000000000000 ) ) ;
#2935 = COLOUR_RGB ( '',0.9686274509803921573, 0.8784313725490195957, 0.5999999999999999778 ) ;
#2936 = DIRECTION ( 'NONE',  ( 0.000000000000000000, 0.000000000000000000, 1.000000000000000000 ) ) ;
#2937 = DIRECTION ( 'NONE',  ( 0.000000000000000000, 0.000000000000000000, -1.000000000000000000 ) ) ;
#2938 = PRESENTATION_LAYER_ASSIGNMENT (  '', '', ( #2425 ) ) ;
#2939 = EDGE_LOOP ( 'NONE', ( #2599, #1965, #2543, #781 ) ) ;
#2940 = PRESENTATION_STYLE_ASSIGNMENT (( #2026 ) ) ;
#2941 = AXIS2_PLACEMENT_3D ( 'NONE', #1188, #1639, #243 ) ;
#2942 = ORIENTED_EDGE ( 'NONE', *, *, #2327, .F. ) ;
#2943 = AXIS2_PLACEMENT_3D ( 'NONE', #2705, #2693, #2498 ) ;
#2944 = ADVANCED_FACE ( 'NONE', ( #2569 ), #490, .T. ) ;
#2945 = CARTESIAN_POINT ( 'NONE',  ( 0.6000000000000003109, 0.2600000000000000644, 1.149999999999999467 ) ) ;
#2946 = CARTESIAN_POINT ( 'NONE',  ( -1.500000000000000222, 0.5600000000000000533, 5.582087213673212537E-16 ) ) ;
#2947 = VERTEX_POINT ( 'NONE', #1220 ) ;
#2948 = DIRECTION ( 'NONE',  ( -1.000000000000000000, -0.000000000000000000, -0.000000000000000000 ) ) ;
#2949 = FACE_OUTER_BOUND ( 'NONE', #665, .T. ) ;
#2950 = FILL_AREA_STYLE_COLOUR ( '', #532 ) ;
#2951 = CARTESIAN_POINT ( 'NONE',  ( -1.229289321881345431, -0.1000000000000000056, -0.9792893218813453204 ) ) ;
#2952 =( NAMED_UNIT ( * ) SI_UNIT ( $, .STERADIAN. ) SOLID_ANGLE_UNIT ( ) );
#2953 = ORIENTED_EDGE ( 'NONE', *, *, #1392, .F. ) ;
#2954 =( NAMED_UNIT ( * ) SI_UNIT ( $, .STERADIAN. ) SOLID_ANGLE_UNIT ( ) );
#2955 = PRESENTATION_LAYER_ASSIGNMENT (  '', '', ( #1222 ) ) ;
#2956 = VECTOR ( 'NONE', #2152, 1000.000000000000000 ) ;
#2957 = ORIENTED_EDGE ( 'NONE', *, *, #2805, .F. ) ;
#2958 = DIRECTION ( 'NONE',  ( 0.000000000000000000, 1.000000000000000000, 0.000000000000000000 ) ) ;
#2959 = STYLED_ITEM ( 'NONE', ( #1567 ), #2137 ) ;
#2960 = DIRECTION ( 'NONE',  ( 0.000000000000000000, 1.000000000000000000, 0.000000000000000000 ) ) ;
#2961 = FILL_AREA_STYLE ('',( #1893 ) ) ;
#2962 = EDGE_LOOP ( 'NONE', ( #1344, #568, #2957, #2872 ) ) ;
#2963 = EDGE_CURVE ( 'NONE', #1008, #76, #538, .T. ) ;
#2964 = CARTESIAN_POINT ( 'NONE',  ( -0.6000000000000000888, 0.5600000000000000533, 1.149999999999999689 ) ) ;
#2965 = CARTESIAN_POINT ( 'NONE',  ( -1.600000000000000089, 0.000000000000000000, 0.000000000000000000 ) ) ;
#2966 =( NAMED_UNIT ( * ) SI_UNIT ( $, .STERADIAN. ) SOLID_ANGLE_UNIT ( ) );
#2967 = DIRECTION ( 'NONE',  ( 0.000000000000000000, 0.000000000000000000, -1.000000000000000000 ) ) ;
#2968 = STYLED_ITEM ( 'NONE', ( #2526 ), #144 ) ;
#2969 = UNCERTAINTY_MEASURE_WITH_UNIT (LENGTH_MEASURE( 1.000000000000000082E-05 ), #1916, 'distance_accuracy_value', 'NONE');
#2970 = ORIENTED_EDGE ( 'NONE', *, *, #2342, .T. ) ;
#2971 = DIRECTION ( 'NONE',  ( -0.000000000000000000, -1.000000000000000000, -0.000000000000000000 ) ) ;
#2972 = EDGE_LOOP ( 'NONE', ( #895, #916, #647, #2628 ) ) ;
#2973 = PRESENTATION_STYLE_ASSIGNMENT (( #1556 ) ) ;
#2974 = LINE ( 'NONE', #2077, #2172 ) ;
#2975 = CARTESIAN_POINT ( 'NONE',  ( -0.5999999999999999778, 0.2600000000000000644, -0.3500000000000001443 ) ) ;
#2976 = DIRECTION ( 'NONE',  ( 0.000000000000000000, 1.000000000000000000, 0.000000000000000000 ) ) ;
#2977 = CARTESIAN_POINT ( 'NONE',  ( 1.600000000000000089, 0.5800000000000000711, 0.9199999999999995959 ) ) ;
#2978 = FILL_AREA_STYLE ('',( #1825 ) ) ;
#2979 = MECHANICAL_DESIGN_GEOMETRIC_PRESENTATION_REPRESENTATION (  '', ( #2119 ), #1342 ) ;
#2980 = VERTEX_POINT ( 'NONE', #2638 ) ;
#2981 = PRESENTATION_LAYER_ASSIGNMENT (  '', '', ( #2752 ) ) ;
#2982 = ORIENTED_EDGE ( 'NONE', *, *, #2118, .F. ) ;
#2983 =( GEOMETRIC_REPRESENTATION_CONTEXT ( 3 ) GLOBAL_UNCERTAINTY_ASSIGNED_CONTEXT ( ( #1705 ) ) GLOBAL_UNIT_ASSIGNED_CONTEXT ( ( #1123, #2296, #2417 ) ) REPRESENTATION_CONTEXT ( 'NONE', 'WORKASPACE' ) );
ENDSEC;
END-ISO-10303-21;
